AssetId,StableID,UnitNameRu,Category,Event,CandidateId,RawFilePath,RuntimeFilePath,DurationSeconds,SampleRate,BitDepth,Channels,LUFS,PeakDbTP,HeadSilenceMs,TailSilenceMs,Status,QC_Notes
VO_RU_SU_RubezhRifleman_Selected_01,SU_RubezhRifleman,Мотострелок МС-12 «Рубеж»,Infantry,Selected,soviet_voxcpm_ru_01,/Users/romanmolodyko/Documents/red-alert-4/Audio/Voice/RU/Soviet/Raw/SU_RubezhRifleman/VO_RU_SU_RubezhRifleman_Selected_01.wav,/Users/romanmolodyko/Documents/red-alert-4/Audio/Voice/RU/Soviet/Runtime/SU_RubezhRifleman/VO_RU_SU_RubezhRifleman_Selected_01.wav,3.89,48000,24,1,-17.0,-2.09,75.0,180.0,PASS,
VO_RU_SU_RubezhRifleman_Move_01,SU_RubezhRifleman,Мотострелок МС-12 «Рубеж»,Infantry,Move,soviet_voxcpm_ru_01,/Users/romanmolodyko/Documents/red-alert-4/Audio/Voice/RU/Soviet/Raw/SU_RubezhRifleman/VO_RU_SU_RubezhRifleman_Move_01.wav,/Users/romanmolodyko/Documents/red-alert-4/Audio/Voice/RU/Soviet/Runtime/SU_RubezhRifleman/VO_RU_SU_RubezhRifleman_Move_01.wav,2.252,48000,24,1,-17.0,-2.07,75.0,180.0,PASS,
VO_RU_SU_RubezhRifleman_Attack_01,SU_RubezhRifleman,Мотострелок МС-12 «Рубеж»,Infantry,Attack,soviet_voxcpm_ru_01,/Users/romanmolodyko/Documents/red-alert-4/Audio/Voice/RU/Soviet/Raw/SU_RubezhRifleman/VO_RU_SU_RubezhRifleman_Attack_01.wav,/Users/romanmolodyko/Documents/red-alert-4/Audio/Voice/RU/Soviet/Runtime/SU_RubezhRifleman/VO_RU_SU_RubezhRifleman_Attack_01.wav,1.93,48000,24,1,-17.0,-2.1,75.0,188.5,PASS,
VO_RU_SU_RubezhRifleman_Ability_01,SU_RubezhRifleman,Мотострелок МС-12 «Рубеж»,Infantry,Ability,soviet_voxcpm_ru_01,/Users/romanmolodyko/Documents/red-alert-4/Audio/Voice/RU/Soviet/Raw/SU_RubezhRifleman/VO_RU_SU_RubezhRifleman_Ability_01.wav,/Users/romanmolodyko/Documents/red-alert-4/Audio/Voice/RU/Soviet/Runtime/SU_RubezhRifleman/VO_RU_SU_RubezhRifleman_Ability_01.wav,2.289,48000,24,1,-17.0,-2.36,75.0,184.6,PASS,
VO_RU_SU_RubezhRifleman_Damaged_01,SU_RubezhRifleman,Мотострелок МС-12 «Рубеж»,Infantry,Damaged,soviet_voxcpm_ru_01,/Users/romanmolodyko/Documents/red-alert-4/Audio/Voice/RU/Soviet/Raw/SU_RubezhRifleman/VO_RU_SU_RubezhRifleman_Damaged_01.wav,/Users/romanmolodyko/Documents/red-alert-4/Audio/Voice/RU/Soviet/Runtime/SU_RubezhRifleman/VO_RU_SU_RubezhRifleman_Damaged_01.wav,1.283,48000,24,1,-17.0,-2.24,75.0,180.0,PASS,
VO_RU_SU_RubezhRifleman_Elite_01,SU_RubezhRifleman,Мотострелок МС-12 «Рубеж»,Infantry,Elite,soviet_voxcpm_ru_01,/Users/romanmolodyko/Documents/red-alert-4/Audio/Voice/RU/Soviet/Raw/SU_RubezhRifleman/VO_RU_SU_RubezhRifleman_Elite_01.wav,/Users/romanmolodyko/Documents/red-alert-4/Audio/Voice/RU/Soviet/Runtime/SU_RubezhRifleman/VO_RU_SU_RubezhRifleman_Elite_01.wav,2.124,48000,24,1,-17.0,-2.54,75.0,180.0,PASS,
VO_RU_SU_RubezhRifleman_Idle_01,SU_RubezhRifleman,Мотострелок МС-12 «Рубеж»,Infantry,Idle,soviet_voxcpm_ru_01,/Users/romanmolodyko/Documents/red-alert-4/Audio/Voice/RU/Soviet/Raw/SU_RubezhRifleman/VO_RU_SU_RubezhRifleman_Idle_01.wav,/Users/romanmolodyko/Documents/red-alert-4/Audio/Voice/RU/Soviet/Runtime/SU_RubezhRifleman/VO_RU_SU_RubezhRifleman_Idle_01.wav,1.77,48000,24,1,-17.01,-2.06,75.0,180.6,PASS,
VO_RU_SU_RubezhRifleman_Death_01,SU_RubezhRifleman,Мотострелок МС-12 «Рубеж»,Infantry,Death,soviet_voxcpm_ru_01,/Users/romanmolodyko/Documents/red-alert-4/Audio/Voice/RU/Soviet/Raw/SU_RubezhRifleman/VO_RU_SU_RubezhRifleman_Death_01.wav,/Users/romanmolodyko/Documents/red-alert-4/Audio/Voice/RU/Soviet/Runtime/SU_RubezhRifleman/VO_RU_SU_RubezhRifleman_Death_01.wav,2.223,48000,24,1,-17.01,-2.05,75.0,180.0,PASS,
VO_RU_SU_ZapalGrenadier_Selected_01,SU_ZapalGrenadier,Штурмовик ОШ-4 «Запал»,Infantry,Selected,soviet_voxcpm_ru_01,/Users/romanmolodyko/Documents/red-alert-4/Audio/Voice/RU/Soviet/Raw/SU_ZapalGrenadier/VO_RU_SU_ZapalGrenadier_Selected_01.wav,/Users/romanmolodyko/Documents/red-alert-4/Audio/Voice/RU/Soviet/Runtime/SU_ZapalGrenadier/VO_RU_SU_ZapalGrenadier_Selected_01.wav,1.348,48000,24,1,-17.05,-2.0,75.0,180.0,PASS,
VO_RU_SU_ZapalGrenadier_Move_01,SU_ZapalGrenadier,Штурмовик ОШ-4 «Запал»,Infantry,Move,soviet_voxcpm_ru_01,/Users/romanmolodyko/Documents/red-alert-4/Audio/Voice/RU/Soviet/Raw/SU_ZapalGrenadier/VO_RU_SU_ZapalGrenadier_Move_01.wav,/Users/romanmolodyko/Documents/red-alert-4/Audio/Voice/RU/Soviet/Runtime/SU_ZapalGrenadier/VO_RU_SU_ZapalGrenadier_Move_01.wav,1.279,48000,24,1,-17.09,-2.0,75.0,179.6,PASS,
VO_RU_SU_ZapalGrenadier_Attack_01,SU_ZapalGrenadier,Штурмовик ОШ-4 «Запал»,Infantry,Attack,soviet_voxcpm_ru_01,/Users/romanmolodyko/Documents/red-alert-4/Audio/Voice/RU/Soviet/Raw/SU_ZapalGrenadier/VO_RU_SU_ZapalGrenadier_Attack_01.wav,/Users/romanmolodyko/Documents/red-alert-4/Audio/Voice/RU/Soviet/Runtime/SU_ZapalGrenadier/VO_RU_SU_ZapalGrenadier_Attack_01.wav,1.228,48000,24,1,-17.05,-2.02,75.0,179.1,PASS,
VO_RU_SU_ZapalGrenadier_Ability_01,SU_ZapalGrenadier,Штурмовик ОШ-4 «Запал»,Infantry,Ability,soviet_voxcpm_ru_01,/Users/romanmolodyko/Documents/red-alert-4/Audio/Voice/RU/Soviet/Raw/SU_ZapalGrenadier/VO_RU_SU_ZapalGrenadier_Ability_01.wav,/Users/romanmolodyko/Documents/red-alert-4/Audio/Voice/RU/Soviet/Runtime/SU_ZapalGrenadier/VO_RU_SU_ZapalGrenadier_Ability_01.wav,1.815,48000,24,1,-17.07,-2.0,75.0,179.4,PASS,
VO_RU_SU_ZapalGrenadier_Damaged_01,SU_ZapalGrenadier,Штурмовик ОШ-4 «Запал»,Infantry,Damaged,soviet_voxcpm_ru_01,/Users/romanmolodyko/Documents/red-alert-4/Audio/Voice/RU/Soviet/Raw/SU_ZapalGrenadier/VO_RU_SU_ZapalGrenadier_Damaged_01.wav,/Users/romanmolodyko/Documents/red-alert-4/Audio/Voice/RU/Soviet/Runtime/SU_ZapalGrenadier/VO_RU_SU_ZapalGrenadier_Damaged_01.wav,1.537,48000,24,1,-17.11,-2.0,75.0,178.9,PASS,
VO_RU_SU_ZapalGrenadier_Elite_01,SU_ZapalGrenadier,Штурмовик ОШ-4 «Запал»,Infantry,Elite,soviet_voxcpm_ru_01,/Users/romanmolodyko/Documents/red-alert-4/Audio/Voice/RU/Soviet/Raw/SU_ZapalGrenadier/VO_RU_SU_ZapalGrenadier_Elite_01.wav,/Users/romanmolodyko/Documents/red-alert-4/Audio/Voice/RU/Soviet/Runtime/SU_ZapalGrenadier/VO_RU_SU_ZapalGrenadier_Elite_01.wav,1.732,48000,24,1,-17.13,-2.0,75.0,178.6,PASS,
VO_RU_SU_ZapalGrenadier_Idle_01,SU_ZapalGrenadier,Штурмовик ОШ-4 «Запал»,Infantry,Idle,soviet_voxcpm_ru_01,/Users/romanmolodyko/Documents/red-alert-4/Audio/Voice/RU/Soviet/Raw/SU_ZapalGrenadier/VO_RU_SU_ZapalGrenadier_Idle_01.wav,/Users/romanmolodyko/Documents/red-alert-4/Audio/Voice/RU/Soviet/Runtime/SU_ZapalGrenadier/VO_RU_SU_ZapalGrenadier_Idle_01.wav,1.801,48000,24,1,-17.01,-2.05,75.0,179.9,PASS,
VO_RU_SU_ZapalGrenadier_Death_01,SU_ZapalGrenadier,Штурмовик ОШ-4 «Запал»,Infantry,Death,soviet_voxcpm_ru_01,/Users/romanmolodyko/Documents/red-alert-4/Audio/Voice/RU/Soviet/Raw/SU_ZapalGrenadier/VO_RU_SU_ZapalGrenadier_Death_01.wav,/Users/romanmolodyko/Documents/red-alert-4/Audio/Voice/RU/Soviet/Runtime/SU_ZapalGrenadier/VO_RU_SU_ZapalGrenadier_Death_01.wav,2.196,48000,24,1,-17.29,-2.0,75.0,178.6,PASS,
VO_RU_SU_ZaslonAATeam_Selected_01,SU_ZaslonAATeam,Зенитный расчёт ПЗК-9 «Заслон»,Infantry,Selected,soviet_voxcpm_ru_01,/Users/romanmolodyko/Documents/red-alert-4/Audio/Voice/RU/Soviet/Raw/SU_ZaslonAATeam/VO_RU_SU_ZaslonAATeam_Selected_01.wav,/Users/romanmolodyko/Documents/red-alert-4/Audio/Voice/RU/Soviet/Runtime/SU_ZaslonAATeam/VO_RU_SU_ZaslonAATeam_Selected_01.wav,1.189,48000,24,1,-17.03,-2.01,75.0,178.7,PASS,
VO_RU_SU_ZaslonAATeam_Move_01,SU_ZaslonAATeam,Зенитный расчёт ПЗК-9 «Заслон»,Infantry,Move,soviet_voxcpm_ru_01,/Users/romanmolodyko/Documents/red-alert-4/Audio/Voice/RU/Soviet/Raw/SU_ZaslonAATeam/VO_RU_SU_ZaslonAATeam_Move_01.wav,/Users/romanmolodyko/Documents/red-alert-4/Audio/Voice/RU/Soviet/Runtime/SU_ZaslonAATeam/VO_RU_SU_ZaslonAATeam_Move_01.wav,1.293,48000,24,1,-17.08,-2.0,75.0,180.0,PASS,
VO_RU_SU_ZaslonAATeam_Attack_01,SU_ZaslonAATeam,Зенитный расчёт ПЗК-9 «Заслон»,Infantry,Attack,soviet_voxcpm_ru_01,/Users/romanmolodyko/Documents/red-alert-4/Audio/Voice/RU/Soviet/Raw/SU_ZaslonAATeam/VO_RU_SU_ZaslonAATeam_Attack_01.wav,/Users/romanmolodyko/Documents/red-alert-4/Audio/Voice/RU/Soviet/Runtime/SU_ZaslonAATeam/VO_RU_SU_ZaslonAATeam_Attack_01.wav,2.291,48000,24,1,-17.04,-2.0,75.0,178.8,PASS,
VO_RU_SU_ZaslonAATeam_Ability_01,SU_ZaslonAATeam,Зенитный расчёт ПЗК-9 «Заслон»,Infantry,Ability,soviet_voxcpm_ru_01,/Users/romanmolodyko/Documents/red-alert-4/Audio/Voice/RU/Soviet/Raw/SU_ZaslonAATeam/VO_RU_SU_ZaslonAATeam_Ability_01.wav,/Users/romanmolodyko/Documents/red-alert-4/Audio/Voice/RU/Soviet/Runtime/SU_ZaslonAATeam/VO_RU_SU_ZaslonAATeam_Ability_01.wav,2.101,48000,24,1,-17.09,-2.0,75.0,180.0,PASS,
VO_RU_SU_ZaslonAATeam_Damaged_01,SU_ZaslonAATeam,Зенитный расчёт ПЗК-9 «Заслон»,Infantry,Damaged,soviet_voxcpm_ru_01,/Users/romanmolodyko/Documents/red-alert-4/Audio/Voice/RU/Soviet/Raw/SU_ZaslonAATeam/VO_RU_SU_ZaslonAATeam_Damaged_01.wav,/Users/romanmolodyko/Documents/red-alert-4/Audio/Voice/RU/Soviet/Runtime/SU_ZaslonAATeam/VO_RU_SU_ZaslonAATeam_Damaged_01.wav,1.535,48000,24,1,-17.04,-2.02,75.0,177.7,PASS,
VO_RU_SU_ZaslonAATeam_Elite_01,SU_ZaslonAATeam,Зенитный расчёт ПЗК-9 «Заслон»,Infantry,Elite,soviet_voxcpm_ru_01,/Users/romanmolodyko/Documents/red-alert-4/Audio/Voice/RU/Soviet/Raw/SU_ZaslonAATeam/VO_RU_SU_ZaslonAATeam_Elite_01.wav,/Users/romanmolodyko/Documents/red-alert-4/Audio/Voice/RU/Soviet/Runtime/SU_ZaslonAATeam/VO_RU_SU_ZaslonAATeam_Elite_01.wav,1.248,48000,24,1,-17.01,-2.08,75.0,180.0,PASS,
VO_RU_SU_ZaslonAATeam_Idle_01,SU_ZaslonAATeam,Зенитный расчёт ПЗК-9 «Заслон»,Infantry,Idle,soviet_voxcpm_ru_01,/Users/romanmolodyko/Documents/red-alert-4/Audio/Voice/RU/Soviet/Raw/SU_ZaslonAATeam/VO_RU_SU_ZaslonAATeam_Idle_01.wav,/Users/romanmolodyko/Documents/red-alert-4/Audio/Voice/RU/Soviet/Runtime/SU_ZaslonAATeam/VO_RU_SU_ZaslonAATeam_Idle_01.wav,2.621,48000,24,1,-17.15,-2.0,75.0,178.5,PASS,
VO_RU_SU_ZaslonAATeam_Death_01,SU_ZaslonAATeam,Зенитный расчёт ПЗК-9 «Заслон»,Infantry,Death,soviet_voxcpm_ru_01,/Users/romanmolodyko/Documents/red-alert-4/Audio/Voice/RU/Soviet/Raw/SU_ZaslonAATeam/VO_RU_SU_ZaslonAATeam_Death_01.wav,/Users/romanmolodyko/Documents/red-alert-4/Audio/Voice/RU/Soviet/Runtime/SU_ZaslonAATeam/VO_RU_SU_ZaslonAATeam_Death_01.wav,1.047,48000,24,1,-17.03,-2.03,75.0,178.7,PASS,
VO_RU_SU_MasterEngineer_Selected_01,SU_MasterEngineer,Инженер-сапёр ИС-3 «Мастер»,Infantry,Selected,soviet_voxcpm_ru_01,/Users/romanmolodyko/Documents/red-alert-4/Audio/Voice/RU/Soviet/Raw/SU_MasterEngineer/VO_RU_SU_MasterEngineer_Selected_01.wav,/Users/romanmolodyko/Documents/red-alert-4/Audio/Voice/RU/Soviet/Runtime/SU_MasterEngineer/VO_RU_SU_MasterEngineer_Selected_01.wav,1.695,48000,24,1,-17.01,-2.11,75.0,177.5,PASS,
VO_RU_SU_MasterEngineer_Move_01,SU_MasterEngineer,Инженер-сапёр ИС-3 «Мастер»,Infantry,Move,soviet_voxcpm_ru_01,/Users/romanmolodyko/Documents/red-alert-4/Audio/Voice/RU/Soviet/Raw/SU_MasterEngineer/VO_RU_SU_MasterEngineer_Move_01.wav,/Users/romanmolodyko/Documents/red-alert-4/Audio/Voice/RU/Soviet/Runtime/SU_MasterEngineer/VO_RU_SU_MasterEngineer_Move_01.wav,1.355,48000,24,1,-17.01,-2.17,75.0,179.2,PASS,
VO_RU_SU_MasterEngineer_Attack_01,SU_MasterEngineer,Инженер-сапёр ИС-3 «Мастер»,Infantry,Attack,soviet_voxcpm_ru_01,/Users/romanmolodyko/Documents/red-alert-4/Audio/Voice/RU/Soviet/Raw/SU_MasterEngineer/VO_RU_SU_MasterEngineer_Attack_01.wav,/Users/romanmolodyko/Documents/red-alert-4/Audio/Voice/RU/Soviet/Runtime/SU_MasterEngineer/VO_RU_SU_MasterEngineer_Attack_01.wav,1.625,48000,24,1,-17.07,-2.0,75.0,180.0,PASS,
VO_RU_SU_MasterEngineer_Ability_01,SU_MasterEngineer,Инженер-сапёр ИС-3 «Мастер»,Infantry,Ability,soviet_voxcpm_ru_01,/Users/romanmolodyko/Documents/red-alert-4/Audio/Voice/RU/Soviet/Raw/SU_MasterEngineer/VO_RU_SU_MasterEngineer_Ability_01.wav,/Users/romanmolodyko/Documents/red-alert-4/Audio/Voice/RU/Soviet/Runtime/SU_MasterEngineer/VO_RU_SU_MasterEngineer_Ability_01.wav,1.613,48000,24,1,-17.0,-2.14,75.0,180.0,PASS,
VO_RU_SU_MasterEngineer_Damaged_01,SU_MasterEngineer,Инженер-сапёр ИС-3 «Мастер»,Infantry,Damaged,soviet_voxcpm_ru_01,/Users/romanmolodyko/Documents/red-alert-4/Audio/Voice/RU/Soviet/Raw/SU_MasterEngineer/VO_RU_SU_MasterEngineer_Damaged_01.wav,/Users/romanmolodyko/Documents/red-alert-4/Audio/Voice/RU/Soviet/Runtime/SU_MasterEngineer/VO_RU_SU_MasterEngineer_Damaged_01.wav,1.477,48000,24,1,-17.01,-2.09,75.0,179.9,PASS,
VO_RU_SU_MasterEngineer_Elite_01,SU_MasterEngineer,Инженер-сапёр ИС-3 «Мастер»,Infantry,Elite,soviet_voxcpm_ru_01,/Users/romanmolodyko/Documents/red-alert-4/Audio/Voice/RU/Soviet/Raw/SU_MasterEngineer/VO_RU_SU_MasterEngineer_Elite_01.wav,/Users/romanmolodyko/Documents/red-alert-4/Audio/Voice/RU/Soviet/Runtime/SU_MasterEngineer/VO_RU_SU_MasterEngineer_Elite_01.wav,2.056,48000,24,1,-17.01,-2.04,75.0,176.5,PASS,
VO_RU_SU_MasterEngineer_Idle_01,SU_MasterEngineer,Инженер-сапёр ИС-3 «Мастер»,Infantry,Idle,soviet_voxcpm_ru_01,/Users/romanmolodyko/Documents/red-alert-4/Audio/Voice/RU/Soviet/Raw/SU_MasterEngineer/VO_RU_SU_MasterEngineer_Idle_01.wav,/Users/romanmolodyko/Documents/red-alert-4/Audio/Voice/RU/Soviet/Runtime/SU_MasterEngineer/VO_RU_SU_MasterEngineer_Idle_01.wav,1.695,48000,24,1,-17.0,-2.16,75.0,180.0,PASS,
VO_RU_SU_MasterEngineer_Death_01,SU_MasterEngineer,Инженер-сапёр ИС-3 «Мастер»,Infantry,Death,soviet_voxcpm_ru_01,/Users/romanmolodyko/Documents/red-alert-4/Audio/Voice/RU/Soviet/Raw/SU_MasterEngineer/VO_RU_SU_MasterEngineer_Death_01.wav,/Users/romanmolodyko/Documents/red-alert-4/Audio/Voice/RU/Soviet/Runtime/SU_MasterEngineer/VO_RU_SU_MasterEngineer_Death_01.wav,1.716,48000,24,1,-17.0,-2.55,75.0,180.0,PASS,
VO_RU_SU_RazryadTrooper_Selected_01,SU_RazryadTrooper,Электроштурмовик ЭШ-8 «Разряд»,Infantry,Selected,soviet_voxcpm_ru_01,/Users/romanmolodyko/Documents/red-alert-4/Audio/Voice/RU/Soviet/Raw/SU_RazryadTrooper/VO_RU_SU_RazryadTrooper_Selected_01.wav,/Users/romanmolodyko/Documents/red-alert-4/Audio/Voice/RU/Soviet/Runtime/SU_RazryadTrooper/VO_RU_SU_RazryadTrooper_Selected_01.wav,1.217,48000,24,1,-17.0,-2.93,75.0,180.0,PASS,
VO_RU_SU_RazryadTrooper_Move_01,SU_RazryadTrooper,Электроштурмовик ЭШ-8 «Разряд»,Infantry,Move,soviet_voxcpm_ru_01,/Users/romanmolodyko/Documents/red-alert-4/Audio/Voice/RU/Soviet/Raw/SU_RazryadTrooper/VO_RU_SU_RazryadTrooper_Move_01.wav,/Users/romanmolodyko/Documents/red-alert-4/Audio/Voice/RU/Soviet/Runtime/SU_RazryadTrooper/VO_RU_SU_RazryadTrooper_Move_01.wav,1.387,48000,24,1,-17.0,-2.19,75.0,180.2,PASS,
VO_RU_SU_RazryadTrooper_Attack_01,SU_RazryadTrooper,Электроштурмовик ЭШ-8 «Разряд»,Infantry,Attack,soviet_voxcpm_ru_01,/Users/romanmolodyko/Documents/red-alert-4/Audio/Voice/RU/Soviet/Raw/SU_RazryadTrooper/VO_RU_SU_RazryadTrooper_Attack_01.wav,/Users/romanmolodyko/Documents/red-alert-4/Audio/Voice/RU/Soviet/Runtime/SU_RazryadTrooper/VO_RU_SU_RazryadTrooper_Attack_01.wav,1.189,48000,24,1,-17.0,-3.2,75.0,179.5,PASS,
VO_RU_SU_RazryadTrooper_Ability_01,SU_RazryadTrooper,Электроштурмовик ЭШ-8 «Разряд»,Infantry,Ability,soviet_voxcpm_ru_01,/Users/romanmolodyko/Documents/red-alert-4/Audio/Voice/RU/Soviet/Raw/SU_RazryadTrooper/VO_RU_SU_RazryadTrooper_Ability_01.wav,/Users/romanmolodyko/Documents/red-alert-4/Audio/Voice/RU/Soviet/Runtime/SU_RazryadTrooper/VO_RU_SU_RazryadTrooper_Ability_01.wav,1.359,48000,24,1,-17.0,-3.03,75.0,179.1,PASS,
VO_RU_SU_RazryadTrooper_Damaged_01,SU_RazryadTrooper,Электроштурмовик ЭШ-8 «Разряд»,Infantry,Damaged,soviet_voxcpm_ru_01,/Users/romanmolodyko/Documents/red-alert-4/Audio/Voice/RU/Soviet/Raw/SU_RazryadTrooper/VO_RU_SU_RazryadTrooper_Damaged_01.wav,/Users/romanmolodyko/Documents/red-alert-4/Audio/Voice/RU/Soviet/Runtime/SU_RazryadTrooper/VO_RU_SU_RazryadTrooper_Damaged_01.wav,1.449,48000,24,1,-17.0,-3.36,75.0,179.9,PASS,
VO_RU_SU_RazryadTrooper_Elite_01,SU_RazryadTrooper,Электроштурмовик ЭШ-8 «Разряд»,Infantry,Elite,soviet_voxcpm_ru_01,/Users/romanmolodyko/Documents/red-alert-4/Audio/Voice/RU/Soviet/Raw/SU_RazryadTrooper/VO_RU_SU_RazryadTrooper_Elite_01.wav,/Users/romanmolodyko/Documents/red-alert-4/Audio/Voice/RU/Soviet/Runtime/SU_RazryadTrooper/VO_RU_SU_RazryadTrooper_Elite_01.wav,1.684,48000,24,1,-17.0,-4.82,75.0,178.8,PASS,
VO_RU_SU_RazryadTrooper_Idle_01,SU_RazryadTrooper,Электроштурмовик ЭШ-8 «Разряд»,Infantry,Idle,soviet_voxcpm_ru_01,/Users/romanmolodyko/Documents/red-alert-4/Audio/Voice/RU/Soviet/Raw/SU_RazryadTrooper/VO_RU_SU_RazryadTrooper_Idle_01.wav,/Users/romanmolodyko/Documents/red-alert-4/Audio/Voice/RU/Soviet/Runtime/SU_RazryadTrooper/VO_RU_SU_RazryadTrooper_Idle_01.wav,3.189,48000,24,1,-17.0,-2.28,75.0,179.6,PASS,
VO_RU_SU_RazryadTrooper_Death_01,SU_RazryadTrooper,Электроштурмовик ЭШ-8 «Разряд»,Infantry,Death,soviet_voxcpm_ru_01,/Users/romanmolodyko/Documents/red-alert-4/Audio/Voice/RU/Soviet/Raw/SU_RazryadTrooper/VO_RU_SU_RazryadTrooper_Death_01.wav,/Users/romanmolodyko/Documents/red-alert-4/Audio/Voice/RU/Soviet/Runtime/SU_RazryadTrooper/VO_RU_SU_RazryadTrooper_Death_01.wav,2.116,48000,24,1,-17.0,-3.05,75.0,179.5,PASS,
VO_RU_SU_VektorOfficer_Selected_01,SU_VektorOfficer,Офицер связи КС-6 «Вектор»,Infantry,Selected,soviet_voxcpm_ru_01,/Users/romanmolodyko/Documents/red-alert-4/Audio/Voice/RU/Soviet/Raw/SU_VektorOfficer/VO_RU_SU_VektorOfficer_Selected_01.wav,/Users/romanmolodyko/Documents/red-alert-4/Audio/Voice/RU/Soviet/Runtime/SU_VektorOfficer/VO_RU_SU_VektorOfficer_Selected_01.wav,1.403,48000,24,1,-17.05,-2.03,75.0,178.1,PASS,
VO_RU_SU_VektorOfficer_Move_01,SU_VektorOfficer,Офицер связи КС-6 «Вектор»,Infantry,Move,soviet_voxcpm_ru_01,/Users/romanmolodyko/Documents/red-alert-4/Audio/Voice/RU/Soviet/Raw/SU_VektorOfficer/VO_RU_SU_VektorOfficer_Move_01.wav,/Users/romanmolodyko/Documents/red-alert-4/Audio/Voice/RU/Soviet/Runtime/SU_VektorOfficer/VO_RU_SU_VektorOfficer_Move_01.wav,1.359,48000,24,1,-17.0,-3.35,75.0,180.0,PASS,
VO_RU_SU_VektorOfficer_Attack_01,SU_VektorOfficer,Офицер связи КС-6 «Вектор»,Infantry,Attack,soviet_voxcpm_ru_01,/Users/romanmolodyko/Documents/red-alert-4/Audio/Voice/RU/Soviet/Raw/SU_VektorOfficer/VO_RU_SU_VektorOfficer_Attack_01.wav,/Users/romanmolodyko/Documents/red-alert-4/Audio/Voice/RU/Soviet/Runtime/SU_VektorOfficer/VO_RU_SU_VektorOfficer_Attack_01.wav,2.037,48000,24,1,-17.01,-2.08,75.0,179.4,PASS,
VO_RU_SU_VektorOfficer_Ability_01,SU_VektorOfficer,Офицер связи КС-6 «Вектор»,Infantry,Ability,soviet_voxcpm_ru_01,/Users/romanmolodyko/Documents/red-alert-4/Audio/Voice/RU/Soviet/Raw/SU_VektorOfficer/VO_RU_SU_VektorOfficer_Ability_01.wav,/Users/romanmolodyko/Documents/red-alert-4/Audio/Voice/RU/Soviet/Runtime/SU_VektorOfficer/VO_RU_SU_VektorOfficer_Ability_01.wav,1.911,48000,24,1,-17.08,-2.01,75.0,178.1,PASS,
VO_RU_SU_VektorOfficer_Damaged_01,SU_VektorOfficer,Офицер связи КС-6 «Вектор»,Infantry,Damaged,soviet_voxcpm_ru_01,/Users/romanmolodyko/Documents/red-alert-4/Audio/Voice/RU/Soviet/Raw/SU_VektorOfficer/VO_RU_SU_VektorOfficer_Damaged_01.wav,/Users/romanmolodyko/Documents/red-alert-4/Audio/Voice/RU/Soviet/Runtime/SU_VektorOfficer/VO_RU_SU_VektorOfficer_Damaged_01.wav,1.131,48000,24,1,-17.06,-2.0,75.0,178.0,PASS,
VO_RU_SU_VektorOfficer_Elite_01,SU_VektorOfficer,Офицер связи КС-6 «Вектор»,Infantry,Elite,soviet_voxcpm_ru_01,/Users/romanmolodyko/Documents/red-alert-4/Audio/Voice/RU/Soviet/Raw/SU_VektorOfficer/VO_RU_SU_VektorOfficer_Elite_01.wav,/Users/romanmolodyko/Documents/red-alert-4/Audio/Voice/RU/Soviet/Runtime/SU_VektorOfficer/VO_RU_SU_VektorOfficer_Elite_01.wav,1.699,48000,24,1,-17.1,-2.0,75.0,180.0,PASS,
VO_RU_SU_VektorOfficer_Idle_01,SU_VektorOfficer,Офицер связи КС-6 «Вектор»,Infantry,Idle,soviet_voxcpm_ru_01,/Users/romanmolodyko/Documents/red-alert-4/Audio/Voice/RU/Soviet/Raw/SU_VektorOfficer/VO_RU_SU_VektorOfficer_Idle_01.wav,/Users/romanmolodyko/Documents/red-alert-4/Audio/Voice/RU/Soviet/Runtime/SU_VektorOfficer/VO_RU_SU_VektorOfficer_Idle_01.wav,2.39,48000,24,1,-17.0,-2.52,75.0,179.3,PASS,
VO_RU_SU_VektorOfficer_Death_01,SU_VektorOfficer,Офицер связи КС-6 «Вектор»,Infantry,Death,soviet_voxcpm_ru_01,/Users/romanmolodyko/Documents/red-alert-4/Audio/Voice/RU/Soviet/Raw/SU_VektorOfficer/VO_RU_SU_VektorOfficer_Death_01.wav,/Users/romanmolodyko/Documents/red-alert-4/Audio/Voice/RU/Soviet/Runtime/SU_VektorOfficer/VO_RU_SU_VektorOfficer_Death_01.wav,1.742,48000,24,1,-17.05,-2.01,75.0,180.0,PASS,
VO_RU_SU_BogatyrOreCarrier_Selected_01,SU_BogatyrOreCarrier,Горнорудная машина ГРМ-8 «Богатырь»,Ground Vehicles,Selected,soviet_voxcpm_ru_01,/Users/romanmolodyko/Documents/red-alert-4/Audio/Voice/RU/Soviet/Raw/SU_BogatyrOreCarrier/VO_RU_SU_BogatyrOreCarrier_Selected_01.wav,/Users/romanmolodyko/Documents/red-alert-4/Audio/Voice/RU/Soviet/Runtime/SU_BogatyrOreCarrier/VO_RU_SU_BogatyrOreCarrier_Selected_01.wav,1.638,48000,24,1,-17.02,-2.03,75.0,179.4,PASS,
VO_RU_SU_BogatyrOreCarrier_Move_01,SU_BogatyrOreCarrier,Горнорудная машина ГРМ-8 «Богатырь»,Ground Vehicles,Move,soviet_voxcpm_ru_01,/Users/romanmolodyko/Documents/red-alert-4/Audio/Voice/RU/Soviet/Raw/SU_BogatyrOreCarrier/VO_RU_SU_BogatyrOreCarrier_Move_01.wav,/Users/romanmolodyko/Documents/red-alert-4/Audio/Voice/RU/Soviet/Runtime/SU_BogatyrOreCarrier/VO_RU_SU_BogatyrOreCarrier_Move_01.wav,1.394,48000,24,1,-17.0,-3.11,76.9,180.0,PASS,
VO_RU_SU_BogatyrOreCarrier_Attack_01,SU_BogatyrOreCarrier,Горнорудная машина ГРМ-8 «Богатырь»,Ground Vehicles,Attack,soviet_voxcpm_ru_01,/Users/romanmolodyko/Documents/red-alert-4/Audio/Voice/RU/Soviet/Raw/SU_BogatyrOreCarrier/VO_RU_SU_BogatyrOreCarrier_Attack_01.wav,/Users/romanmolodyko/Documents/red-alert-4/Audio/Voice/RU/Soviet/Runtime/SU_BogatyrOreCarrier/VO_RU_SU_BogatyrOreCarrier_Attack_01.wav,2.205,48000,24,1,-17.03,-2.01,75.0,180.8,PASS,
VO_RU_SU_BogatyrOreCarrier_Ability_01,SU_BogatyrOreCarrier,Горнорудная машина ГРМ-8 «Богатырь»,Ground Vehicles,Ability,soviet_voxcpm_ru_01,/Users/romanmolodyko/Documents/red-alert-4/Audio/Voice/RU/Soviet/Raw/SU_BogatyrOreCarrier/VO_RU_SU_BogatyrOreCarrier_Ability_01.wav,/Users/romanmolodyko/Documents/red-alert-4/Audio/Voice/RU/Soviet/Runtime/SU_BogatyrOreCarrier/VO_RU_SU_BogatyrOreCarrier_Ability_01.wav,1.921,48000,24,1,-17.0,-2.24,75.0,179.5,PASS,
VO_RU_SU_BogatyrOreCarrier_Damaged_01,SU_BogatyrOreCarrier,Горнорудная машина ГРМ-8 «Богатырь»,Ground Vehicles,Damaged,soviet_voxcpm_ru_01,/Users/romanmolodyko/Documents/red-alert-4/Audio/Voice/RU/Soviet/Raw/SU_BogatyrOreCarrier/VO_RU_SU_BogatyrOreCarrier_Damaged_01.wav,/Users/romanmolodyko/Documents/red-alert-4/Audio/Voice/RU/Soviet/Runtime/SU_BogatyrOreCarrier/VO_RU_SU_BogatyrOreCarrier_Damaged_01.wav,1.21,48000,24,1,-17.06,-2.0,75.0,179.4,PASS,
VO_RU_SU_BogatyrOreCarrier_Elite_01,SU_BogatyrOreCarrier,Горнорудная машина ГРМ-8 «Богатырь»,Ground Vehicles,Elite,soviet_voxcpm_ru_01,/Users/romanmolodyko/Documents/red-alert-4/Audio/Voice/RU/Soviet/Raw/SU_BogatyrOreCarrier/VO_RU_SU_BogatyrOreCarrier_Elite_01.wav,/Users/romanmolodyko/Documents/red-alert-4/Audio/Voice/RU/Soviet/Runtime/SU_BogatyrOreCarrier/VO_RU_SU_BogatyrOreCarrier_Elite_01.wav,2.002,48000,24,1,-17.01,-2.07,75.0,180.0,PASS,
VO_RU_SU_BogatyrOreCarrier_Idle_01,SU_BogatyrOreCarrier,Горнорудная машина ГРМ-8 «Богатырь»,Ground Vehicles,Idle,soviet_voxcpm_ru_01,/Users/romanmolodyko/Documents/red-alert-4/Audio/Voice/RU/Soviet/Raw/SU_BogatyrOreCarrier/VO_RU_SU_BogatyrOreCarrier_Idle_01.wav,/Users/romanmolodyko/Documents/red-alert-4/Audio/Voice/RU/Soviet/Runtime/SU_BogatyrOreCarrier/VO_RU_SU_BogatyrOreCarrier_Idle_01.wav,1.867,48000,24,1,-17.0,-2.5,75.0,180.3,PASS,
VO_RU_SU_BogatyrOreCarrier_Death_01,SU_BogatyrOreCarrier,Горнорудная машина ГРМ-8 «Богатырь»,Ground Vehicles,Death,soviet_voxcpm_ru_01,/Users/romanmolodyko/Documents/red-alert-4/Audio/Voice/RU/Soviet/Raw/SU_BogatyrOreCarrier/VO_RU_SU_BogatyrOreCarrier_Death_01.wav,/Users/romanmolodyko/Documents/red-alert-4/Audio/Voice/RU/Soviet/Runtime/SU_BogatyrOreCarrier/VO_RU_SU_BogatyrOreCarrier_Death_01.wav,1.751,48000,24,1,-17.01,-2.1,75.0,179.4,PASS,
VO_RU_SU_RysScout_Selected_01,SU_RysScout,Боевая разведмашина БРМ-27 «Рысь»,Ground Vehicles,Selected,soviet_voxcpm_ru_01,/Users/romanmolodyko/Documents/red-alert-4/Audio/Voice/RU/Soviet/Raw/SU_RysScout/VO_RU_SU_RysScout_Selected_01.wav,/Users/romanmolodyko/Documents/red-alert-4/Audio/Voice/RU/Soviet/Runtime/SU_RysScout/VO_RU_SU_RysScout_Selected_01.wav,1.519,48000,24,1,-17.0,-3.25,75.0,180.0,PASS,
VO_RU_SU_RysScout_Move_01,SU_RysScout,Боевая разведмашина БРМ-27 «Рысь»,Ground Vehicles,Move,soviet_voxcpm_ru_01,/Users/romanmolodyko/Documents/red-alert-4/Audio/Voice/RU/Soviet/Raw/SU_RysScout/VO_RU_SU_RysScout_Move_01.wav,/Users/romanmolodyko/Documents/red-alert-4/Audio/Voice/RU/Soviet/Runtime/SU_RysScout/VO_RU_SU_RysScout_Move_01.wav,0.952,48000,24,1,-17.01,-2.14,75.0,179.4,PASS,
VO_RU_SU_RysScout_Attack_01,SU_RysScout,Боевая разведмашина БРМ-27 «Рысь»,Ground Vehicles,Attack,soviet_voxcpm_ru_01,/Users/romanmolodyko/Documents/red-alert-4/Audio/Voice/RU/Soviet/Raw/SU_RysScout/VO_RU_SU_RysScout_Attack_01.wav,/Users/romanmolodyko/Documents/red-alert-4/Audio/Voice/RU/Soviet/Runtime/SU_RysScout/VO_RU_SU_RysScout_Attack_01.wav,1.793,48000,24,1,-17.0,-2.83,75.2,179.4,PASS,
VO_RU_SU_RysScout_Ability_01,SU_RysScout,Боевая разведмашина БРМ-27 «Рысь»,Ground Vehicles,Ability,soviet_voxcpm_ru_01,/Users/romanmolodyko/Documents/red-alert-4/Audio/Voice/RU/Soviet/Raw/SU_RysScout/VO_RU_SU_RysScout_Ability_01.wav,/Users/romanmolodyko/Documents/red-alert-4/Audio/Voice/RU/Soviet/Runtime/SU_RysScout/VO_RU_SU_RysScout_Ability_01.wav,1.053,48000,24,1,-17.0,-4.07,75.0,179.4,PASS,
VO_RU_SU_RysScout_Damaged_01,SU_RysScout,Боевая разведмашина БРМ-27 «Рысь»,Ground Vehicles,Damaged,soviet_voxcpm_ru_01,/Users/romanmolodyko/Documents/red-alert-4/Audio/Voice/RU/Soviet/Raw/SU_RysScout/VO_RU_SU_RysScout_Damaged_01.wav,/Users/romanmolodyko/Documents/red-alert-4/Audio/Voice/RU/Soviet/Runtime/SU_RysScout/VO_RU_SU_RysScout_Damaged_01.wav,2.168,48000,24,1,-17.0,-2.99,75.0,179.4,PASS,
VO_RU_SU_RysScout_Elite_01,SU_RysScout,Боевая разведмашина БРМ-27 «Рысь»,Ground Vehicles,Elite,soviet_voxcpm_ru_01,/Users/romanmolodyko/Documents/red-alert-4/Audio/Voice/RU/Soviet/Raw/SU_RysScout/VO_RU_SU_RysScout_Elite_01.wav,/Users/romanmolodyko/Documents/red-alert-4/Audio/Voice/RU/Soviet/Runtime/SU_RysScout/VO_RU_SU_RysScout_Elite_01.wav,1.972,48000,24,1,-17.0,-2.51,75.0,179.5,PASS,
VO_RU_SU_RysScout_Idle_01,SU_RysScout,Боевая разведмашина БРМ-27 «Рысь»,Ground Vehicles,Idle,soviet_voxcpm_ru_01,/Users/romanmolodyko/Documents/red-alert-4/Audio/Voice/RU/Soviet/Raw/SU_RysScout/VO_RU_SU_RysScout_Idle_01.wav,/Users/romanmolodyko/Documents/red-alert-4/Audio/Voice/RU/Soviet/Runtime/SU_RysScout/VO_RU_SU_RysScout_Idle_01.wav,2.742,48000,24,1,-17.0,-4.4,75.0,180.0,PASS,
VO_RU_SU_RysScout_Death_01,SU_RysScout,Боевая разведмашина БРМ-27 «Рысь»,Ground Vehicles,Death,soviet_voxcpm_ru_01,/Users/romanmolodyko/Documents/red-alert-4/Audio/Voice/RU/Soviet/Raw/SU_RysScout/VO_RU_SU_RysScout_Death_01.wav,/Users/romanmolodyko/Documents/red-alert-4/Audio/Voice/RU/Soviet/Runtime/SU_RysScout/VO_RU_SU_RysScout_Death_01.wav,1.838,48000,24,1,-17.01,-2.21,75.0,179.4,PASS,
VO_RU_SU_GranitMBT_Selected_01,SU_GranitMBT,Основной танк ОБТ-92 «Гранит»,Ground Vehicles,Selected,soviet_voxcpm_ru_01,/Users/romanmolodyko/Documents/red-alert-4/Audio/Voice/RU/Soviet/Raw/SU_GranitMBT/VO_RU_SU_GranitMBT_Selected_01.wav,/Users/romanmolodyko/Documents/red-alert-4/Audio/Voice/RU/Soviet/Runtime/SU_GranitMBT/VO_RU_SU_GranitMBT_Selected_01.wav,1.145,48000,24,1,-17.0,-3.45,75.0,180.0,PASS,
VO_RU_SU_GranitMBT_Move_01,SU_GranitMBT,Основной танк ОБТ-92 «Гранит»,Ground Vehicles,Move,soviet_voxcpm_ru_01,/Users/romanmolodyko/Documents/red-alert-4/Audio/Voice/RU/Soviet/Raw/SU_GranitMBT/VO_RU_SU_GranitMBT_Move_01.wav,/Users/romanmolodyko/Documents/red-alert-4/Audio/Voice/RU/Soviet/Runtime/SU_GranitMBT/VO_RU_SU_GranitMBT_Move_01.wav,1.753,48000,24,1,-17.0,-3.53,75.0,180.0,PASS,
VO_RU_SU_GranitMBT_Attack_01,SU_GranitMBT,Основной танк ОБТ-92 «Гранит»,Ground Vehicles,Attack,soviet_voxcpm_ru_01,/Users/romanmolodyko/Documents/red-alert-4/Audio/Voice/RU/Soviet/Raw/SU_GranitMBT/VO_RU_SU_GranitMBT_Attack_01.wav,/Users/romanmolodyko/Documents/red-alert-4/Audio/Voice/RU/Soviet/Runtime/SU_GranitMBT/VO_RU_SU_GranitMBT_Attack_01.wav,1.189,48000,24,1,-17.0,-2.37,75.0,179.4,PASS,
VO_RU_SU_GranitMBT_Ability_01,SU_GranitMBT,Основной танк ОБТ-92 «Гранит»,Ground Vehicles,Ability,soviet_voxcpm_ru_01,/Users/romanmolodyko/Documents/red-alert-4/Audio/Voice/RU/Soviet/Raw/SU_GranitMBT/VO_RU_SU_GranitMBT_Ability_01.wav,/Users/romanmolodyko/Documents/red-alert-4/Audio/Voice/RU/Soviet/Runtime/SU_GranitMBT/VO_RU_SU_GranitMBT_Ability_01.wav,0.855,48000,24,1,-17.01,-2.18,75.0,179.4,PASS,
VO_RU_SU_GranitMBT_Damaged_01,SU_GranitMBT,Основной танк ОБТ-92 «Гранит»,Ground Vehicles,Damaged,soviet_voxcpm_ru_01,/Users/romanmolodyko/Documents/red-alert-4/Audio/Voice/RU/Soviet/Raw/SU_GranitMBT/VO_RU_SU_GranitMBT_Damaged_01.wav,/Users/romanmolodyko/Documents/red-alert-4/Audio/Voice/RU/Soviet/Runtime/SU_GranitMBT/VO_RU_SU_GranitMBT_Damaged_01.wav,2.259,48000,24,1,-17.01,-2.13,75.0,179.4,PASS,
VO_RU_SU_GranitMBT_Elite_01,SU_GranitMBT,Основной танк ОБТ-92 «Гранит»,Ground Vehicles,Elite,soviet_voxcpm_ru_01,/Users/romanmolodyko/Documents/red-alert-4/Audio/Voice/RU/Soviet/Raw/SU_GranitMBT/VO_RU_SU_GranitMBT_Elite_01.wav,/Users/romanmolodyko/Documents/red-alert-4/Audio/Voice/RU/Soviet/Runtime/SU_GranitMBT/VO_RU_SU_GranitMBT_Elite_01.wav,1.744,48000,24,1,-17.0,-2.27,75.1,180.0,PASS,
VO_RU_SU_GranitMBT_Idle_01,SU_GranitMBT,Основной танк ОБТ-92 «Гранит»,Ground Vehicles,Idle,soviet_voxcpm_ru_01,/Users/romanmolodyko/Documents/red-alert-4/Audio/Voice/RU/Soviet/Raw/SU_GranitMBT/VO_RU_SU_GranitMBT_Idle_01.wav,/Users/romanmolodyko/Documents/red-alert-4/Audio/Voice/RU/Soviet/Runtime/SU_GranitMBT/VO_RU_SU_GranitMBT_Idle_01.wav,2.393,48000,24,1,-17.0,-2.59,75.9,180.0,PASS,
VO_RU_SU_GranitMBT_Death_01,SU_GranitMBT,Основной танк ОБТ-92 «Гранит»,Ground Vehicles,Death,soviet_voxcpm_ru_01,/Users/romanmolodyko/Documents/red-alert-4/Audio/Voice/RU/Soviet/Raw/SU_GranitMBT/VO_RU_SU_GranitMBT_Death_01.wav,/Users/romanmolodyko/Documents/red-alert-4/Audio/Voice/RU/Soviet/Runtime/SU_GranitMBT/VO_RU_SU_GranitMBT_Death_01.wav,1.781,48000,24,1,-17.01,-2.05,75.0,179.4,PASS,
VO_RU_SU_ZarevoMLRS_Selected_01,SU_ZarevoMLRS,Термобарическая РСЗО ТРС-18 «Зарево»,Ground Vehicles,Selected,soviet_voxcpm_ru_01,/Users/romanmolodyko/Documents/red-alert-4/Audio/Voice/RU/Soviet/Raw/SU_ZarevoMLRS/VO_RU_SU_ZarevoMLRS_Selected_01.wav,/Users/romanmolodyko/Documents/red-alert-4/Audio/Voice/RU/Soviet/Runtime/SU_ZarevoMLRS/VO_RU_SU_ZarevoMLRS_Selected_01.wav,1.519,48000,24,1,-17.0,-2.72,75.0,179.4,PASS,
VO_RU_SU_ZarevoMLRS_Move_01,SU_ZarevoMLRS,Термобарическая РСЗО ТРС-18 «Зарево»,Ground Vehicles,Move,soviet_voxcpm_ru_01,/Users/romanmolodyko/Documents/red-alert-4/Audio/Voice/RU/Soviet/Raw/SU_ZarevoMLRS/VO_RU_SU_ZarevoMLRS_Move_01.wav,/Users/romanmolodyko/Documents/red-alert-4/Audio/Voice/RU/Soviet/Runtime/SU_ZarevoMLRS/VO_RU_SU_ZarevoMLRS_Move_01.wav,1.524,48000,24,1,-17.0,-2.02,75.0,179.5,PASS,
VO_RU_SU_ZarevoMLRS_Attack_01,SU_ZarevoMLRS,Термобарическая РСЗО ТРС-18 «Зарево»,Ground Vehicles,Attack,soviet_voxcpm_ru_01,/Users/romanmolodyko/Documents/red-alert-4/Audio/Voice/RU/Soviet/Raw/SU_ZarevoMLRS/VO_RU_SU_ZarevoMLRS_Attack_01.wav,/Users/romanmolodyko/Documents/red-alert-4/Audio/Voice/RU/Soviet/Runtime/SU_ZarevoMLRS/VO_RU_SU_ZarevoMLRS_Attack_01.wav,2.086,48000,24,1,-17.0,-2.19,75.0,179.4,PASS,
VO_RU_SU_ZarevoMLRS_Ability_01,SU_ZarevoMLRS,Термобарическая РСЗО ТРС-18 «Зарево»,Ground Vehicles,Ability,soviet_voxcpm_ru_01,/Users/romanmolodyko/Documents/red-alert-4/Audio/Voice/RU/Soviet/Raw/SU_ZarevoMLRS/VO_RU_SU_ZarevoMLRS_Ability_01.wav,/Users/romanmolodyko/Documents/red-alert-4/Audio/Voice/RU/Soviet/Runtime/SU_ZarevoMLRS/VO_RU_SU_ZarevoMLRS_Ability_01.wav,1.507,48000,24,1,-17.0,-3.78,75.0,179.4,PASS,
VO_RU_SU_ZarevoMLRS_Damaged_01,SU_ZarevoMLRS,Термобарическая РСЗО ТРС-18 «Зарево»,Ground Vehicles,Damaged,soviet_voxcpm_ru_01,/Users/romanmolodyko/Documents/red-alert-4/Audio/Voice/RU/Soviet/Raw/SU_ZarevoMLRS/VO_RU_SU_ZarevoMLRS_Damaged_01.wav,/Users/romanmolodyko/Documents/red-alert-4/Audio/Voice/RU/Soviet/Runtime/SU_ZarevoMLRS/VO_RU_SU_ZarevoMLRS_Damaged_01.wav,1.403,48000,24,1,-17.0,-2.52,75.0,179.4,PASS,
VO_RU_SU_ZarevoMLRS_Elite_01,SU_ZarevoMLRS,Термобарическая РСЗО ТРС-18 «Зарево»,Ground Vehicles,Elite,soviet_voxcpm_ru_01,/Users/romanmolodyko/Documents/red-alert-4/Audio/Voice/RU/Soviet/Raw/SU_ZarevoMLRS/VO_RU_SU_ZarevoMLRS_Elite_01.wav,/Users/romanmolodyko/Documents/red-alert-4/Audio/Voice/RU/Soviet/Runtime/SU_ZarevoMLRS/VO_RU_SU_ZarevoMLRS_Elite_01.wav,2.36,48000,24,1,-17.0,-2.31,75.0,180.0,PASS,
VO_RU_SU_ZarevoMLRS_Idle_01,SU_ZarevoMLRS,Термобарическая РСЗО ТРС-18 «Зарево»,Ground Vehicles,Idle,soviet_voxcpm_ru_01,/Users/romanmolodyko/Documents/red-alert-4/Audio/Voice/RU/Soviet/Raw/SU_ZarevoMLRS/VO_RU_SU_ZarevoMLRS_Idle_01.wav,/Users/romanmolodyko/Documents/red-alert-4/Audio/Voice/RU/Soviet/Runtime/SU_ZarevoMLRS/VO_RU_SU_ZarevoMLRS_Idle_01.wav,1.895,48000,24,1,-17.0,-3.5,75.0,179.4,PASS,
VO_RU_SU_ZarevoMLRS_Death_01,SU_ZarevoMLRS,Термобарическая РСЗО ТРС-18 «Зарево»,Ground Vehicles,Death,soviet_voxcpm_ru_01,/Users/romanmolodyko/Documents/red-alert-4/Audio/Voice/RU/Soviet/Raw/SU_ZarevoMLRS/VO_RU_SU_ZarevoMLRS_Death_01.wav,/Users/romanmolodyko/Documents/red-alert-4/Audio/Voice/RU/Soviet/Runtime/SU_ZarevoMLRS/VO_RU_SU_ZarevoMLRS_Death_01.wav,2.004,48000,24,1,-17.0,-2.14,75.0,180.1,PASS,
VO_RU_SU_GromoboyRam_Selected_01,SU_GromoboyRam,Электротаран ЭТМ-7 «Громобой»,Ground Vehicles,Selected,soviet_voxcpm_ru_01,/Users/romanmolodyko/Documents/red-alert-4/Audio/Voice/RU/Soviet/Raw/SU_GromoboyRam/VO_RU_SU_GromoboyRam_Selected_01.wav,/Users/romanmolodyko/Documents/red-alert-4/Audio/Voice/RU/Soviet/Runtime/SU_GromoboyRam/VO_RU_SU_GromoboyRam_Selected_01.wav,1.663,48000,24,1,-17.0,-3.66,75.0,179.5,PASS,
VO_RU_SU_GromoboyRam_Move_01,SU_GromoboyRam,Электротаран ЭТМ-7 «Громобой»,Ground Vehicles,Move,soviet_voxcpm_ru_01,/Users/romanmolodyko/Documents/red-alert-4/Audio/Voice/RU/Soviet/Raw/SU_GromoboyRam/VO_RU_SU_GromoboyRam_Move_01.wav,/Users/romanmolodyko/Documents/red-alert-4/Audio/Voice/RU/Soviet/Runtime/SU_GromoboyRam/VO_RU_SU_GromoboyRam_Move_01.wav,0.973,48000,24,1,-17.1,-2.02,75.0,179.3,PASS,
VO_RU_SU_GromoboyRam_Attack_01,SU_GromoboyRam,Электротаран ЭТМ-7 «Громобой»,Ground Vehicles,Attack,soviet_voxcpm_ru_01,/Users/romanmolodyko/Documents/red-alert-4/Audio/Voice/RU/Soviet/Raw/SU_GromoboyRam/VO_RU_SU_GromoboyRam_Attack_01.wav,/Users/romanmolodyko/Documents/red-alert-4/Audio/Voice/RU/Soviet/Runtime/SU_GromoboyRam/VO_RU_SU_GromoboyRam_Attack_01.wav,1.177,48000,24,1,-17.0,-2.67,75.0,180.0,PASS,
VO_RU_SU_GromoboyRam_Ability_01,SU_GromoboyRam,Электротаран ЭТМ-7 «Громобой»,Ground Vehicles,Ability,soviet_voxcpm_ru_01,/Users/romanmolodyko/Documents/red-alert-4/Audio/Voice/RU/Soviet/Raw/SU_GromoboyRam/VO_RU_SU_GromoboyRam_Ability_01.wav,/Users/romanmolodyko/Documents/red-alert-4/Audio/Voice/RU/Soviet/Runtime/SU_GromoboyRam/VO_RU_SU_GromoboyRam_Ability_01.wav,1.166,48000,24,1,-17.0,-2.94,75.0,180.0,PASS,
VO_RU_SU_GromoboyRam_Damaged_01,SU_GromoboyRam,Электротаран ЭТМ-7 «Громобой»,Ground Vehicles,Damaged,soviet_voxcpm_ru_01,/Users/romanmolodyko/Documents/red-alert-4/Audio/Voice/RU/Soviet/Raw/SU_GromoboyRam/VO_RU_SU_GromoboyRam_Damaged_01.wav,/Users/romanmolodyko/Documents/red-alert-4/Audio/Voice/RU/Soviet/Runtime/SU_GromoboyRam/VO_RU_SU_GromoboyRam_Damaged_01.wav,1.664,48000,24,1,-17.01,-2.12,75.0,179.4,PASS,
VO_RU_SU_GromoboyRam_Elite_01,SU_GromoboyRam,Электротаран ЭТМ-7 «Громобой»,Ground Vehicles,Elite,soviet_voxcpm_ru_01,/Users/romanmolodyko/Documents/red-alert-4/Audio/Voice/RU/Soviet/Raw/SU_GromoboyRam/VO_RU_SU_GromoboyRam_Elite_01.wav,/Users/romanmolodyko/Documents/red-alert-4/Audio/Voice/RU/Soviet/Runtime/SU_GromoboyRam/VO_RU_SU_GromoboyRam_Elite_01.wav,1.865,48000,24,1,-17.0,-4.21,75.0,179.6,PASS,
VO_RU_SU_GromoboyRam_Idle_01,SU_GromoboyRam,Электротаран ЭТМ-7 «Громобой»,Ground Vehicles,Idle,soviet_voxcpm_ru_01,/Users/romanmolodyko/Documents/red-alert-4/Audio/Voice/RU/Soviet/Raw/SU_GromoboyRam/VO_RU_SU_GromoboyRam_Idle_01.wav,/Users/romanmolodyko/Documents/red-alert-4/Audio/Voice/RU/Soviet/Runtime/SU_GromoboyRam/VO_RU_SU_GromoboyRam_Idle_01.wav,2.632,48000,24,1,-17.0,-2.41,75.0,179.5,PASS,
VO_RU_SU_GromoboyRam_Death_01,SU_GromoboyRam,Электротаран ЭТМ-7 «Громобой»,Ground Vehicles,Death,soviet_voxcpm_ru_01,/Users/romanmolodyko/Documents/red-alert-4/Audio/Voice/RU/Soviet/Raw/SU_GromoboyRam/VO_RU_SU_GromoboyRam_Death_01.wav,/Users/romanmolodyko/Documents/red-alert-4/Audio/Voice/RU/Soviet/Runtime/SU_GromoboyRam/VO_RU_SU_GromoboyRam_Death_01.wav,1.642,48000,24,1,-17.0,-2.59,75.0,180.0,PASS,
VO_RU_SU_VoevodaHeavyTank_Selected_01,SU_VoevodaHeavyTank,Тяжёлый танк прорыва ТТП-11 «Воевода»,Ground Vehicles,Selected,soviet_voxcpm_ru_01,/Users/romanmolodyko/Documents/red-alert-4/Audio/Voice/RU/Soviet/Raw/SU_VoevodaHeavyTank/VO_RU_SU_VoevodaHeavyTank_Selected_01.wav,/Users/romanmolodyko/Documents/red-alert-4/Audio/Voice/RU/Soviet/Runtime/SU_VoevodaHeavyTank/VO_RU_SU_VoevodaHeavyTank_Selected_01.wav,1.646,48000,24,1,-17.0,-2.27,75.0,179.4,PASS,
VO_RU_SU_VoevodaHeavyTank_Move_01,SU_VoevodaHeavyTank,Тяжёлый танк прорыва ТТП-11 «Воевода»,Ground Vehicles,Move,soviet_voxcpm_ru_01,/Users/romanmolodyko/Documents/red-alert-4/Audio/Voice/RU/Soviet/Raw/SU_VoevodaHeavyTank/VO_RU_SU_VoevodaHeavyTank_Move_01.wav,/Users/romanmolodyko/Documents/red-alert-4/Audio/Voice/RU/Soviet/Runtime/SU_VoevodaHeavyTank/VO_RU_SU_VoevodaHeavyTank_Move_01.wav,1.198,48000,24,1,-17.0,-4.22,75.0,180.0,PASS,
VO_RU_SU_VoevodaHeavyTank_Attack_01,SU_VoevodaHeavyTank,Тяжёлый танк прорыва ТТП-11 «Воевода»,Ground Vehicles,Attack,soviet_voxcpm_ru_01,/Users/romanmolodyko/Documents/red-alert-4/Audio/Voice/RU/Soviet/Raw/SU_VoevodaHeavyTank/VO_RU_SU_VoevodaHeavyTank_Attack_01.wav,/Users/romanmolodyko/Documents/red-alert-4/Audio/Voice/RU/Soviet/Runtime/SU_VoevodaHeavyTank/VO_RU_SU_VoevodaHeavyTank_Attack_01.wav,1.436,48000,24,1,-17.0,-2.39,75.0,179.4,PASS,
VO_RU_SU_VoevodaHeavyTank_Ability_01,SU_VoevodaHeavyTank,Тяжёлый танк прорыва ТТП-11 «Воевода»,Ground Vehicles,Ability,soviet_voxcpm_ru_01,/Users/romanmolodyko/Documents/red-alert-4/Audio/Voice/RU/Soviet/Raw/SU_VoevodaHeavyTank/VO_RU_SU_VoevodaHeavyTank_Ability_01.wav,/Users/romanmolodyko/Documents/red-alert-4/Audio/Voice/RU/Soviet/Runtime/SU_VoevodaHeavyTank/VO_RU_SU_VoevodaHeavyTank_Ability_01.wav,1.67,48000,24,1,-17.0,-3.56,75.0,179.4,PASS,
VO_RU_SU_VoevodaHeavyTank_Damaged_01,SU_VoevodaHeavyTank,Тяжёлый танк прорыва ТТП-11 «Воевода»,Ground Vehicles,Damaged,soviet_voxcpm_ru_01,/Users/romanmolodyko/Documents/red-alert-4/Audio/Voice/RU/Soviet/Raw/SU_VoevodaHeavyTank/VO_RU_SU_VoevodaHeavyTank_Damaged_01.wav,/Users/romanmolodyko/Documents/red-alert-4/Audio/Voice/RU/Soviet/Runtime/SU_VoevodaHeavyTank/VO_RU_SU_VoevodaHeavyTank_Damaged_01.wav,2.571,48000,24,1,-17.0,-3.37,75.0,179.4,PASS,
VO_RU_SU_VoevodaHeavyTank_Elite_01,SU_VoevodaHeavyTank,Тяжёлый танк прорыва ТТП-11 «Воевода»,Ground Vehicles,Elite,soviet_voxcpm_ru_01,/Users/romanmolodyko/Documents/red-alert-4/Audio/Voice/RU/Soviet/Raw/SU_VoevodaHeavyTank/VO_RU_SU_VoevodaHeavyTank_Elite_01.wav,/Users/romanmolodyko/Documents/red-alert-4/Audio/Voice/RU/Soviet/Runtime/SU_VoevodaHeavyTank/VO_RU_SU_VoevodaHeavyTank_Elite_01.wav,3.116,48000,24,1,-17.0,-2.33,75.6,179.4,PASS,
VO_RU_SU_VoevodaHeavyTank_Idle_01,SU_VoevodaHeavyTank,Тяжёлый танк прорыва ТТП-11 «Воевода»,Ground Vehicles,Idle,soviet_voxcpm_ru_01,/Users/romanmolodyko/Documents/red-alert-4/Audio/Voice/RU/Soviet/Raw/SU_VoevodaHeavyTank/VO_RU_SU_VoevodaHeavyTank_Idle_01.wav,/Users/romanmolodyko/Documents/red-alert-4/Audio/Voice/RU/Soviet/Runtime/SU_VoevodaHeavyTank/VO_RU_SU_VoevodaHeavyTank_Idle_01.wav,2.128,48000,24,1,-17.0,-2.19,75.0,180.0,PASS,
VO_RU_SU_VoevodaHeavyTank_Death_01,SU_VoevodaHeavyTank,Тяжёлый танк прорыва ТТП-11 «Воевода»,Ground Vehicles,Death,soviet_voxcpm_ru_01,/Users/romanmolodyko/Documents/red-alert-4/Audio/Voice/RU/Soviet/Raw/SU_VoevodaHeavyTank/VO_RU_SU_VoevodaHeavyTank_Death_01.wav,/Users/romanmolodyko/Documents/red-alert-4/Audio/Voice/RU/Soviet/Runtime/SU_VoevodaHeavyTank/VO_RU_SU_VoevodaHeavyTank_Death_01.wav,1.782,48000,24,1,-17.0,-4.28,75.0,180.0,PASS,
VO_RU_SU_KrechetInterceptor_Selected_01,SU_KrechetInterceptor,Истребитель И-47 «Кречет»,Aviation,Selected,soviet_voxcpm_ru_01,/Users/romanmolodyko/Documents/red-alert-4/Audio/Voice/RU/Soviet/Raw/SU_KrechetInterceptor/VO_RU_SU_KrechetInterceptor_Selected_01.wav,/Users/romanmolodyko/Documents/red-alert-4/Audio/Voice/RU/Soviet/Runtime/SU_KrechetInterceptor/VO_RU_SU_KrechetInterceptor_Selected_01.wav,1.256,48000,24,1,-17.0,-3.25,75.1,179.8,PASS,
VO_RU_SU_KrechetInterceptor_Move_01,SU_KrechetInterceptor,Истребитель И-47 «Кречет»,Aviation,Move,soviet_voxcpm_ru_01,/Users/romanmolodyko/Documents/red-alert-4/Audio/Voice/RU/Soviet/Raw/SU_KrechetInterceptor/VO_RU_SU_KrechetInterceptor_Move_01.wav,/Users/romanmolodyko/Documents/red-alert-4/Audio/Voice/RU/Soviet/Runtime/SU_KrechetInterceptor/VO_RU_SU_KrechetInterceptor_Move_01.wav,0.973,48000,24,1,-17.0,-3.83,75.0,179.9,PASS,
VO_RU_SU_KrechetInterceptor_Attack_01,SU_KrechetInterceptor,Истребитель И-47 «Кречет»,Aviation,Attack,soviet_voxcpm_ru_01,/Users/romanmolodyko/Documents/red-alert-4/Audio/Voice/RU/Soviet/Raw/SU_KrechetInterceptor/VO_RU_SU_KrechetInterceptor_Attack_01.wav,/Users/romanmolodyko/Documents/red-alert-4/Audio/Voice/RU/Soviet/Runtime/SU_KrechetInterceptor/VO_RU_SU_KrechetInterceptor_Attack_01.wav,1.235,48000,24,1,-17.0,-2.68,75.0,179.8,PASS,
VO_RU_SU_KrechetInterceptor_Ability_01,SU_KrechetInterceptor,Истребитель И-47 «Кречет»,Aviation,Ability,soviet_voxcpm_ru_01,/Users/romanmolodyko/Documents/red-alert-4/Audio/Voice/RU/Soviet/Raw/SU_KrechetInterceptor/VO_RU_SU_KrechetInterceptor_Ability_01.wav,/Users/romanmolodyko/Documents/red-alert-4/Audio/Voice/RU/Soviet/Runtime/SU_KrechetInterceptor/VO_RU_SU_KrechetInterceptor_Ability_01.wav,0.871,48000,24,1,-17.08,-2.02,75.0,179.9,PASS,
VO_RU_SU_KrechetInterceptor_Damaged_01,SU_KrechetInterceptor,Истребитель И-47 «Кречет»,Aviation,Damaged,soviet_voxcpm_ru_01,/Users/romanmolodyko/Documents/red-alert-4/Audio/Voice/RU/Soviet/Raw/SU_KrechetInterceptor/VO_RU_SU_KrechetInterceptor_Damaged_01.wav,/Users/romanmolodyko/Documents/red-alert-4/Audio/Voice/RU/Soviet/Runtime/SU_KrechetInterceptor/VO_RU_SU_KrechetInterceptor_Damaged_01.wav,1.321,48000,24,1,-17.0,-3.68,75.0,179.8,PASS,
VO_RU_SU_KrechetInterceptor_Elite_01,SU_KrechetInterceptor,Истребитель И-47 «Кречет»,Aviation,Elite,soviet_voxcpm_ru_01,/Users/romanmolodyko/Documents/red-alert-4/Audio/Voice/RU/Soviet/Raw/SU_KrechetInterceptor/VO_RU_SU_KrechetInterceptor_Elite_01.wav,/Users/romanmolodyko/Documents/red-alert-4/Audio/Voice/RU/Soviet/Runtime/SU_KrechetInterceptor/VO_RU_SU_KrechetInterceptor_Elite_01.wav,1.511,48000,24,1,-17.0,-3.76,75.1,179.8,PASS,
VO_RU_SU_KrechetInterceptor_Idle_01,SU_KrechetInterceptor,Истребитель И-47 «Кречет»,Aviation,Idle,soviet_voxcpm_ru_01,/Users/romanmolodyko/Documents/red-alert-4/Audio/Voice/RU/Soviet/Raw/SU_KrechetInterceptor/VO_RU_SU_KrechetInterceptor_Idle_01.wav,/Users/romanmolodyko/Documents/red-alert-4/Audio/Voice/RU/Soviet/Runtime/SU_KrechetInterceptor/VO_RU_SU_KrechetInterceptor_Idle_01.wav,1.694,48000,24,1,-17.0,-4.27,75.4,179.8,PASS,
VO_RU_SU_KrechetInterceptor_Death_01,SU_KrechetInterceptor,Истребитель И-47 «Кречет»,Aviation,Death,soviet_voxcpm_ru_01,/Users/romanmolodyko/Documents/red-alert-4/Audio/Voice/RU/Soviet/Raw/SU_KrechetInterceptor/VO_RU_SU_KrechetInterceptor_Death_01.wav,/Users/romanmolodyko/Documents/red-alert-4/Audio/Voice/RU/Soviet/Runtime/SU_KrechetInterceptor/VO_RU_SU_KrechetInterceptor_Death_01.wav,1.738,48000,24,1,-17.05,-2.01,75.0,180.0,PASS,
VO_RU_SU_KorshunGunship_Selected_01,SU_KorshunGunship,Штурмовой вертолёт ШВ-38 «Коршун»,Aviation,Selected,soviet_voxcpm_ru_01,/Users/romanmolodyko/Documents/red-alert-4/Audio/Voice/RU/Soviet/Raw/SU_KorshunGunship/VO_RU_SU_KorshunGunship_Selected_01.wav,/Users/romanmolodyko/Documents/red-alert-4/Audio/Voice/RU/Soviet/Runtime/SU_KorshunGunship/VO_RU_SU_KorshunGunship_Selected_01.wav,1.519,48000,24,1,-17.0,-3.68,75.1,179.8,PASS,
VO_RU_SU_KorshunGunship_Move_01,SU_KorshunGunship,Штурмовой вертолёт ШВ-38 «Коршун»,Aviation,Move,soviet_voxcpm_ru_01,/Users/romanmolodyko/Documents/red-alert-4/Audio/Voice/RU/Soviet/Raw/SU_KorshunGunship/VO_RU_SU_KorshunGunship_Move_01.wav,/Users/romanmolodyko/Documents/red-alert-4/Audio/Voice/RU/Soviet/Runtime/SU_KorshunGunship/VO_RU_SU_KorshunGunship_Move_01.wav,1.593,48000,24,1,-17.0,-5.14,75.1,179.8,PASS,
VO_RU_SU_KorshunGunship_Attack_01,SU_KorshunGunship,Штурмовой вертолёт ШВ-38 «Коршун»,Aviation,Attack,soviet_voxcpm_ru_01,/Users/romanmolodyko/Documents/red-alert-4/Audio/Voice/RU/Soviet/Raw/SU_KorshunGunship/VO_RU_SU_KorshunGunship_Attack_01.wav,/Users/romanmolodyko/Documents/red-alert-4/Audio/Voice/RU/Soviet/Runtime/SU_KorshunGunship/VO_RU_SU_KorshunGunship_Attack_01.wav,1.328,48000,24,1,-17.0,-4.27,75.1,179.8,PASS,
VO_RU_SU_KorshunGunship_Ability_01,SU_KorshunGunship,Штурмовой вертолёт ШВ-38 «Коршун»,Aviation,Ability,soviet_voxcpm_ru_01,/Users/romanmolodyko/Documents/red-alert-4/Audio/Voice/RU/Soviet/Raw/SU_KorshunGunship/VO_RU_SU_KorshunGunship_Ability_01.wav,/Users/romanmolodyko/Documents/red-alert-4/Audio/Voice/RU/Soviet/Runtime/SU_KorshunGunship/VO_RU_SU_KorshunGunship_Ability_01.wav,1.257,48000,24,1,-17.0,-3.31,75.1,179.9,PASS,
VO_RU_SU_KorshunGunship_Damaged_01,SU_KorshunGunship,Штурмовой вертолёт ШВ-38 «Коршун»,Aviation,Damaged,soviet_voxcpm_ru_01,/Users/romanmolodyko/Documents/red-alert-4/Audio/Voice/RU/Soviet/Raw/SU_KorshunGunship/VO_RU_SU_KorshunGunship_Damaged_01.wav,/Users/romanmolodyko/Documents/red-alert-4/Audio/Voice/RU/Soviet/Runtime/SU_KorshunGunship/VO_RU_SU_KorshunGunship_Damaged_01.wav,2.002,48000,24,1,-17.0,-3.48,75.0,179.7,PASS,
VO_RU_SU_KorshunGunship_Elite_01,SU_KorshunGunship,Штурмовой вертолёт ШВ-38 «Коршун»,Aviation,Elite,soviet_voxcpm_ru_01,/Users/romanmolodyko/Documents/red-alert-4/Audio/Voice/RU/Soviet/Raw/SU_KorshunGunship/VO_RU_SU_KorshunGunship_Elite_01.wav,/Users/romanmolodyko/Documents/red-alert-4/Audio/Voice/RU/Soviet/Runtime/SU_KorshunGunship/VO_RU_SU_KorshunGunship_Elite_01.wav,2.149,48000,24,1,-17.0,-3.17,75.1,179.8,PASS,
VO_RU_SU_KorshunGunship_Idle_01,SU_KorshunGunship,Штурмовой вертолёт ШВ-38 «Коршун»,Aviation,Idle,soviet_voxcpm_ru_01,/Users/romanmolodyko/Documents/red-alert-4/Audio/Voice/RU/Soviet/Raw/SU_KorshunGunship/VO_RU_SU_KorshunGunship_Idle_01.wav,/Users/romanmolodyko/Documents/red-alert-4/Audio/Voice/RU/Soviet/Runtime/SU_KorshunGunship/VO_RU_SU_KorshunGunship_Idle_01.wav,2.312,48000,24,1,-17.0,-3.74,78.7,179.8,PASS,
VO_RU_SU_KorshunGunship_Death_01,SU_KorshunGunship,Штурмовой вертолёт ШВ-38 «Коршун»,Aviation,Death,soviet_voxcpm_ru_01,/Users/romanmolodyko/Documents/red-alert-4/Audio/Voice/RU/Soviet/Raw/SU_KorshunGunship/VO_RU_SU_KorshunGunship_Death_01.wav,/Users/romanmolodyko/Documents/red-alert-4/Audio/Voice/RU/Soviet/Runtime/SU_KorshunGunship/VO_RU_SU_KorshunGunship_Death_01.wav,1.084,48000,24,1,-17.0,-2.06,75.1,180.6,PASS,
VO_RU_SU_GromadaAirship_Selected_01,SU_GromadaAirship,Тяжёлый дирижабль ТДА-8 «Громада»,Aviation,Selected,soviet_voxcpm_ru_01,/Users/romanmolodyko/Documents/red-alert-4/Audio/Voice/RU/Soviet/Raw/SU_GromadaAirship/VO_RU_SU_GromadaAirship_Selected_01.wav,/Users/romanmolodyko/Documents/red-alert-4/Audio/Voice/RU/Soviet/Runtime/SU_GromadaAirship/VO_RU_SU_GromadaAirship_Selected_01.wav,1.457,48000,24,1,-17.0,-2.21,75.1,179.8,PASS,
VO_RU_SU_GromadaAirship_Move_01,SU_GromadaAirship,Тяжёлый дирижабль ТДА-8 «Громада»,Aviation,Move,soviet_voxcpm_ru_01,/Users/romanmolodyko/Documents/red-alert-4/Audio/Voice/RU/Soviet/Raw/SU_GromadaAirship/VO_RU_SU_GromadaAirship_Move_01.wav,/Users/romanmolodyko/Documents/red-alert-4/Audio/Voice/RU/Soviet/Runtime/SU_GromadaAirship/VO_RU_SU_GromadaAirship_Move_01.wav,1.916,48000,24,1,-17.0,-3.56,75.0,179.5,PASS,
VO_RU_SU_GromadaAirship_Attack_01,SU_GromadaAirship,Тяжёлый дирижабль ТДА-8 «Громада»,Aviation,Attack,soviet_voxcpm_ru_01,/Users/romanmolodyko/Documents/red-alert-4/Audio/Voice/RU/Soviet/Raw/SU_GromadaAirship/VO_RU_SU_GromadaAirship_Attack_01.wav,/Users/romanmolodyko/Documents/red-alert-4/Audio/Voice/RU/Soviet/Runtime/SU_GromadaAirship/VO_RU_SU_GromadaAirship_Attack_01.wav,1.393,48000,24,1,-17.0,-2.36,75.0,179.7,PASS,
VO_RU_SU_GromadaAirship_Ability_01,SU_GromadaAirship,Тяжёлый дирижабль ТДА-8 «Громада»,Aviation,Ability,soviet_voxcpm_ru_01,/Users/romanmolodyko/Documents/red-alert-4/Audio/Voice/RU/Soviet/Raw/SU_GromadaAirship/VO_RU_SU_GromadaAirship_Ability_01.wav,/Users/romanmolodyko/Documents/red-alert-4/Audio/Voice/RU/Soviet/Runtime/SU_GromadaAirship/VO_RU_SU_GromadaAirship_Ability_01.wav,2.433,48000,24,1,-17.0,-2.21,75.0,179.7,PASS,
VO_RU_SU_GromadaAirship_Damaged_01,SU_GromadaAirship,Тяжёлый дирижабль ТДА-8 «Громада»,Aviation,Damaged,soviet_voxcpm_ru_01,/Users/romanmolodyko/Documents/red-alert-4/Audio/Voice/RU/Soviet/Raw/SU_GromadaAirship/VO_RU_SU_GromadaAirship_Damaged_01.wav,/Users/romanmolodyko/Documents/red-alert-4/Audio/Voice/RU/Soviet/Runtime/SU_GromadaAirship/VO_RU_SU_GromadaAirship_Damaged_01.wav,2.219,48000,24,1,-17.0,-2.19,75.0,179.5,PASS,
VO_RU_SU_GromadaAirship_Elite_01,SU_GromadaAirship,Тяжёлый дирижабль ТДА-8 «Громада»,Aviation,Elite,soviet_voxcpm_ru_01,/Users/romanmolodyko/Documents/red-alert-4/Audio/Voice/RU/Soviet/Raw/SU_GromadaAirship/VO_RU_SU_GromadaAirship_Elite_01.wav,/Users/romanmolodyko/Documents/red-alert-4/Audio/Voice/RU/Soviet/Runtime/SU_GromadaAirship/VO_RU_SU_GromadaAirship_Elite_01.wav,1.964,48000,24,1,-17.0,-3.41,75.1,179.8,PASS,
VO_RU_SU_GromadaAirship_Idle_01,SU_GromadaAirship,Тяжёлый дирижабль ТДА-8 «Громада»,Aviation,Idle,soviet_voxcpm_ru_01,/Users/romanmolodyko/Documents/red-alert-4/Audio/Voice/RU/Soviet/Raw/SU_GromadaAirship/VO_RU_SU_GromadaAirship_Idle_01.wav,/Users/romanmolodyko/Documents/red-alert-4/Audio/Voice/RU/Soviet/Runtime/SU_GromadaAirship/VO_RU_SU_GromadaAirship_Idle_01.wav,2.842,48000,24,1,-17.0,-2.53,75.0,179.7,PASS,
VO_RU_SU_GromadaAirship_Death_01,SU_GromadaAirship,Тяжёлый дирижабль ТДА-8 «Громада»,Aviation,Death,soviet_voxcpm_ru_01,/Users/romanmolodyko/Documents/red-alert-4/Audio/Voice/RU/Soviet/Raw/SU_GromadaAirship/VO_RU_SU_GromadaAirship_Death_01.wav,/Users/romanmolodyko/Documents/red-alert-4/Audio/Voice/RU/Soviet/Runtime/SU_GromadaAirship/VO_RU_SU_GromadaAirship_Death_01.wav,2.052,48000,24,1,-17.0,-3.84,75.1,181.3,PASS,
VO_RU_SU_BuranPatrolBoat_Selected_01,SU_BuranPatrolBoat,Боевой катер БК-27 «Буран»,Navy/Boat,Selected,soviet_voxcpm_ru_01,/Users/romanmolodyko/Documents/red-alert-4/Audio/Voice/RU/Soviet/Raw/SU_BuranPatrolBoat/VO_RU_SU_BuranPatrolBoat_Selected_01.wav,/Users/romanmolodyko/Documents/red-alert-4/Audio/Voice/RU/Soviet/Runtime/SU_BuranPatrolBoat/VO_RU_SU_BuranPatrolBoat_Selected_01.wav,1.122,48000,24,1,-17.0,-2.53,75.0,179.6,PASS,
VO_RU_SU_BuranPatrolBoat_Move_01,SU_BuranPatrolBoat,Боевой катер БК-27 «Буран»,Navy/Boat,Move,soviet_voxcpm_ru_01,/Users/romanmolodyko/Documents/red-alert-4/Audio/Voice/RU/Soviet/Raw/SU_BuranPatrolBoat/VO_RU_SU_BuranPatrolBoat_Move_01.wav,/Users/romanmolodyko/Documents/red-alert-4/Audio/Voice/RU/Soviet/Runtime/SU_BuranPatrolBoat/VO_RU_SU_BuranPatrolBoat_Move_01.wav,1.014,48000,24,1,-17.0,-4.31,75.0,179.6,PASS,
VO_RU_SU_BuranPatrolBoat_Attack_01,SU_BuranPatrolBoat,Боевой катер БК-27 «Буран»,Navy/Boat,Attack,soviet_voxcpm_ru_01,/Users/romanmolodyko/Documents/red-alert-4/Audio/Voice/RU/Soviet/Raw/SU_BuranPatrolBoat/VO_RU_SU_BuranPatrolBoat_Attack_01.wav,/Users/romanmolodyko/Documents/red-alert-4/Audio/Voice/RU/Soviet/Runtime/SU_BuranPatrolBoat/VO_RU_SU_BuranPatrolBoat_Attack_01.wav,1.584,48000,24,1,-17.01,-2.05,75.5,179.6,PASS,
VO_RU_SU_BuranPatrolBoat_Ability_01,SU_BuranPatrolBoat,Боевой катер БК-27 «Буран»,Navy/Boat,Ability,soviet_voxcpm_ru_01,/Users/romanmolodyko/Documents/red-alert-4/Audio/Voice/RU/Soviet/Raw/SU_BuranPatrolBoat/VO_RU_SU_BuranPatrolBoat_Ability_01.wav,/Users/romanmolodyko/Documents/red-alert-4/Audio/Voice/RU/Soviet/Runtime/SU_BuranPatrolBoat/VO_RU_SU_BuranPatrolBoat_Ability_01.wav,1.01,48000,24,1,-17.0,-2.96,75.0,179.5,PASS,
VO_RU_SU_BuranPatrolBoat_Damaged_01,SU_BuranPatrolBoat,Боевой катер БК-27 «Буран»,Navy/Boat,Damaged,soviet_voxcpm_ru_01,/Users/romanmolodyko/Documents/red-alert-4/Audio/Voice/RU/Soviet/Raw/SU_BuranPatrolBoat/VO_RU_SU_BuranPatrolBoat_Damaged_01.wav,/Users/romanmolodyko/Documents/red-alert-4/Audio/Voice/RU/Soviet/Runtime/SU_BuranPatrolBoat/VO_RU_SU_BuranPatrolBoat_Damaged_01.wav,1.573,48000,24,1,-17.0,-3.39,75.0,179.6,PASS,
VO_RU_SU_BuranPatrolBoat_Elite_01,SU_BuranPatrolBoat,Боевой катер БК-27 «Буран»,Navy/Boat,Elite,soviet_voxcpm_ru_01,/Users/romanmolodyko/Documents/red-alert-4/Audio/Voice/RU/Soviet/Raw/SU_BuranPatrolBoat/VO_RU_SU_BuranPatrolBoat_Elite_01.wav,/Users/romanmolodyko/Documents/red-alert-4/Audio/Voice/RU/Soviet/Runtime/SU_BuranPatrolBoat/VO_RU_SU_BuranPatrolBoat_Elite_01.wav,1.717,48000,24,1,-17.0,-4.51,75.0,180.0,PASS,
VO_RU_SU_BuranPatrolBoat_Idle_01,SU_BuranPatrolBoat,Боевой катер БК-27 «Буран»,Navy/Boat,Idle,soviet_voxcpm_ru_01,/Users/romanmolodyko/Documents/red-alert-4/Audio/Voice/RU/Soviet/Raw/SU_BuranPatrolBoat/VO_RU_SU_BuranPatrolBoat_Idle_01.wav,/Users/romanmolodyko/Documents/red-alert-4/Audio/Voice/RU/Soviet/Runtime/SU_BuranPatrolBoat/VO_RU_SU_BuranPatrolBoat_Idle_01.wav,2.044,48000,24,1,-17.04,-2.02,75.0,179.6,PASS,
VO_RU_SU_BuranPatrolBoat_Death_01,SU_BuranPatrolBoat,Боевой катер БК-27 «Буран»,Navy/Boat,Death,soviet_voxcpm_ru_01,/Users/romanmolodyko/Documents/red-alert-4/Audio/Voice/RU/Soviet/Raw/SU_BuranPatrolBoat/VO_RU_SU_BuranPatrolBoat_Death_01.wav,/Users/romanmolodyko/Documents/red-alert-4/Audio/Voice/RU/Soviet/Runtime/SU_BuranPatrolBoat/VO_RU_SU_BuranPatrolBoat_Death_01.wav,1.326,48000,24,1,-17.01,-2.04,75.0,179.5,PASS,
VO_RU_SU_MorokSubmarine_Selected_01,SU_MorokSubmarine,Ударная подлодка УПЛ-90 «Морок»,Submarine,Selected,soviet_voxcpm_ru_01,/Users/romanmolodyko/Documents/red-alert-4/Audio/Voice/RU/Soviet/Raw/SU_MorokSubmarine/VO_RU_SU_MorokSubmarine_Selected_01.wav,/Users/romanmolodyko/Documents/red-alert-4/Audio/Voice/RU/Soviet/Runtime/SU_MorokSubmarine/VO_RU_SU_MorokSubmarine_Selected_01.wav,1.635,48000,24,1,-17.0,-5.17,75.1,179.5,PASS,
VO_RU_SU_MorokSubmarine_Move_01,SU_MorokSubmarine,Ударная подлодка УПЛ-90 «Морок»,Submarine,Move,soviet_voxcpm_ru_01,/Users/romanmolodyko/Documents/red-alert-4/Audio/Voice/RU/Soviet/Raw/SU_MorokSubmarine/VO_RU_SU_MorokSubmarine_Move_01.wav,/Users/romanmolodyko/Documents/red-alert-4/Audio/Voice/RU/Soviet/Runtime/SU_MorokSubmarine/VO_RU_SU_MorokSubmarine_Move_01.wav,1.164,48000,24,1,-17.0,-2.29,75.1,179.5,PASS,
VO_RU_SU_MorokSubmarine_Attack_01,SU_MorokSubmarine,Ударная подлодка УПЛ-90 «Морок»,Submarine,Attack,soviet_voxcpm_ru_01,/Users/romanmolodyko/Documents/red-alert-4/Audio/Voice/RU/Soviet/Raw/SU_MorokSubmarine/VO_RU_SU_MorokSubmarine_Attack_01.wav,/Users/romanmolodyko/Documents/red-alert-4/Audio/Voice/RU/Soviet/Runtime/SU_MorokSubmarine/VO_RU_SU_MorokSubmarine_Attack_01.wav,1.605,48000,24,1,-17.0,-2.77,75.1,181.8,PASS,
VO_RU_SU_MorokSubmarine_Ability_01,SU_MorokSubmarine,Ударная подлодка УПЛ-90 «Морок»,Submarine,Ability,soviet_voxcpm_ru_01,/Users/romanmolodyko/Documents/red-alert-4/Audio/Voice/RU/Soviet/Raw/SU_MorokSubmarine/VO_RU_SU_MorokSubmarine_Ability_01.wav,/Users/romanmolodyko/Documents/red-alert-4/Audio/Voice/RU/Soviet/Runtime/SU_MorokSubmarine/VO_RU_SU_MorokSubmarine_Ability_01.wav,1.269,48000,24,1,-17.0,-3.22,75.1,180.2,PASS,
VO_RU_SU_MorokSubmarine_Damaged_01,SU_MorokSubmarine,Ударная подлодка УПЛ-90 «Морок»,Submarine,Damaged,soviet_voxcpm_ru_01,/Users/romanmolodyko/Documents/red-alert-4/Audio/Voice/RU/Soviet/Raw/SU_MorokSubmarine/VO_RU_SU_MorokSubmarine_Damaged_01.wav,/Users/romanmolodyko/Documents/red-alert-4/Audio/Voice/RU/Soviet/Runtime/SU_MorokSubmarine/VO_RU_SU_MorokSubmarine_Damaged_01.wav,1.894,48000,24,1,-17.0,-2.77,75.1,179.4,PASS,
VO_RU_SU_MorokSubmarine_Elite_01,SU_MorokSubmarine,Ударная подлодка УПЛ-90 «Морок»,Submarine,Elite,soviet_voxcpm_ru_01,/Users/romanmolodyko/Documents/red-alert-4/Audio/Voice/RU/Soviet/Raw/SU_MorokSubmarine/VO_RU_SU_MorokSubmarine_Elite_01.wav,/Users/romanmolodyko/Documents/red-alert-4/Audio/Voice/RU/Soviet/Runtime/SU_MorokSubmarine/VO_RU_SU_MorokSubmarine_Elite_01.wav,2.397,48000,24,1,-17.0,-4.35,75.1,179.5,PASS,
VO_RU_SU_MorokSubmarine_Idle_01,SU_MorokSubmarine,Ударная подлодка УПЛ-90 «Морок»,Submarine,Idle,soviet_voxcpm_ru_01,/Users/romanmolodyko/Documents/red-alert-4/Audio/Voice/RU/Soviet/Raw/SU_MorokSubmarine/VO_RU_SU_MorokSubmarine_Idle_01.wav,/Users/romanmolodyko/Documents/red-alert-4/Audio/Voice/RU/Soviet/Runtime/SU_MorokSubmarine/VO_RU_SU_MorokSubmarine_Idle_01.wav,2.32,48000,24,1,-17.0,-3.82,75.1,179.9,PASS,
VO_RU_SU_MorokSubmarine_Death_01,SU_MorokSubmarine,Ударная подлодка УПЛ-90 «Морок»,Submarine,Death,soviet_voxcpm_ru_01,/Users/romanmolodyko/Documents/red-alert-4/Audio/Voice/RU/Soviet/Raw/SU_MorokSubmarine/VO_RU_SU_MorokSubmarine_Death_01.wav,/Users/romanmolodyko/Documents/red-alert-4/Audio/Voice/RU/Soviet/Runtime/SU_MorokSubmarine/VO_RU_SU_MorokSubmarine_Death_01.wav,1.643,48000,24,1,-17.0,-3.33,75.1,180.0,PASS,
VO_RU_SU_SvyatogorCruiser_Selected_01,SU_SvyatogorCruiser,Ракетный крейсер РКР-44 «Святогор»,Navy/Boat,Selected,soviet_voxcpm_ru_01,/Users/romanmolodyko/Documents/red-alert-4/Audio/Voice/RU/Soviet/Raw/SU_SvyatogorCruiser/VO_RU_SU_SvyatogorCruiser_Selected_01.wav,/Users/romanmolodyko/Documents/red-alert-4/Audio/Voice/RU/Soviet/Runtime/SU_SvyatogorCruiser/VO_RU_SU_SvyatogorCruiser_Selected_01.wav,1.857,48000,24,1,-17.0,-2.04,75.1,179.6,PASS,
VO_RU_SU_SvyatogorCruiser_Move_01,SU_SvyatogorCruiser,Ракетный крейсер РКР-44 «Святогор»,Navy/Boat,Move,soviet_voxcpm_ru_01,/Users/romanmolodyko/Documents/red-alert-4/Audio/Voice/RU/Soviet/Raw/SU_SvyatogorCruiser/VO_RU_SU_SvyatogorCruiser_Move_01.wav,/Users/romanmolodyko/Documents/red-alert-4/Audio/Voice/RU/Soviet/Runtime/SU_SvyatogorCruiser/VO_RU_SU_SvyatogorCruiser_Move_01.wav,1.745,48000,24,1,-17.0,-2.74,75.1,179.6,PASS,
VO_RU_SU_SvyatogorCruiser_Attack_01,SU_SvyatogorCruiser,Ракетный крейсер РКР-44 «Святогор»,Navy/Boat,Attack,soviet_voxcpm_ru_01,/Users/romanmolodyko/Documents/red-alert-4/Audio/Voice/RU/Soviet/Raw/SU_SvyatogorCruiser/VO_RU_SU_SvyatogorCruiser_Attack_01.wav,/Users/romanmolodyko/Documents/red-alert-4/Audio/Voice/RU/Soviet/Runtime/SU_SvyatogorCruiser/VO_RU_SU_SvyatogorCruiser_Attack_01.wav,1.143,48000,24,1,-17.0,-2.27,75.0,180.0,PASS,
VO_RU_SU_SvyatogorCruiser_Ability_01,SU_SvyatogorCruiser,Ракетный крейсер РКР-44 «Святогор»,Navy/Boat,Ability,soviet_voxcpm_ru_01,/Users/romanmolodyko/Documents/red-alert-4/Audio/Voice/RU/Soviet/Raw/SU_SvyatogorCruiser/VO_RU_SU_SvyatogorCruiser_Ability_01.wav,/Users/romanmolodyko/Documents/red-alert-4/Audio/Voice/RU/Soviet/Runtime/SU_SvyatogorCruiser/VO_RU_SU_SvyatogorCruiser_Ability_01.wav,2.025,48000,24,1,-17.0,-3.29,75.0,179.6,PASS,
VO_RU_SU_SvyatogorCruiser_Damaged_01,SU_SvyatogorCruiser,Ракетный крейсер РКР-44 «Святогор»,Navy/Boat,Damaged,soviet_voxcpm_ru_01,/Users/romanmolodyko/Documents/red-alert-4/Audio/Voice/RU/Soviet/Raw/SU_SvyatogorCruiser/VO_RU_SU_SvyatogorCruiser_Damaged_01.wav,/Users/romanmolodyko/Documents/red-alert-4/Audio/Voice/RU/Soviet/Runtime/SU_SvyatogorCruiser/VO_RU_SU_SvyatogorCruiser_Damaged_01.wav,1.182,48000,24,1,-17.03,-2.07,75.0,179.6,PASS,
VO_RU_SU_SvyatogorCruiser_Elite_01,SU_SvyatogorCruiser,Ракетный крейсер РКР-44 «Святогор»,Navy/Boat,Elite,soviet_voxcpm_ru_01,/Users/romanmolodyko/Documents/red-alert-4/Audio/Voice/RU/Soviet/Raw/SU_SvyatogorCruiser/VO_RU_SU_SvyatogorCruiser_Elite_01.wav,/Users/romanmolodyko/Documents/red-alert-4/Audio/Voice/RU/Soviet/Runtime/SU_SvyatogorCruiser/VO_RU_SU_SvyatogorCruiser_Elite_01.wav,3.844,48000,24,1,-17.0,-2.07,75.0,179.6,PASS,
VO_RU_SU_SvyatogorCruiser_Idle_01,SU_SvyatogorCruiser,Ракетный крейсер РКР-44 «Святогор»,Navy/Boat,Idle,soviet_voxcpm_ru_01,/Users/romanmolodyko/Documents/red-alert-4/Audio/Voice/RU/Soviet/Raw/SU_SvyatogorCruiser/VO_RU_SU_SvyatogorCruiser_Idle_01.wav,/Users/romanmolodyko/Documents/red-alert-4/Audio/Voice/RU/Soviet/Runtime/SU_SvyatogorCruiser/VO_RU_SU_SvyatogorCruiser_Idle_01.wav,2.383,48000,24,1,-17.0,-2.68,75.0,179.6,PASS,
VO_RU_SU_SvyatogorCruiser_Death_01,SU_SvyatogorCruiser,Ракетный крейсер РКР-44 «Святогор»,Navy/Boat,Death,soviet_voxcpm_ru_01,/Users/romanmolodyko/Documents/red-alert-4/Audio/Voice/RU/Soviet/Raw/SU_SvyatogorCruiser/VO_RU_SU_SvyatogorCruiser_Death_01.wav,/Users/romanmolodyko/Documents/red-alert-4/Audio/Voice/RU/Soviet/Runtime/SU_SvyatogorCruiser/VO_RU_SU_SvyatogorCruiser_Death_01.wav,1.687,48000,24,1,-17.01,-2.06,75.0,180.0,PASS,
VO_RU_SU_Hero_Morozova_Selected_01,SU_Hero_Morozova,Майор Елена Морозова,Morozova,Selected,soviet_voxcpm_ru_01,/Users/romanmolodyko/Documents/red-alert-4/Audio/Voice/RU/Soviet/Raw/SU_Hero_Morozova/VO_RU_SU_Hero_Morozova_Selected_01.wav,/Users/romanmolodyko/Documents/red-alert-4/Audio/Voice/RU/Soviet/Runtime/SU_Hero_Morozova/VO_RU_SU_Hero_Morozova_Selected_01.wav,2.437,48000,24,1,-17.0,-2.86,75.0,180.1,PASS,
VO_RU_SU_Hero_Morozova_Move_01,SU_Hero_Morozova,Майор Елена Морозова,Morozova,Move,soviet_voxcpm_ru_01,/Users/romanmolodyko/Documents/red-alert-4/Audio/Voice/RU/Soviet/Raw/SU_Hero_Morozova/VO_RU_SU_Hero_Morozova_Move_01.wav,/Users/romanmolodyko/Documents/red-alert-4/Audio/Voice/RU/Soviet/Runtime/SU_Hero_Morozova/VO_RU_SU_Hero_Morozova_Move_01.wav,1.462,48000,24,1,-17.0,-4.84,75.0,180.4,PASS,
VO_RU_SU_Hero_Morozova_Attack_01,SU_Hero_Morozova,Майор Елена Морозова,Morozova,Attack,soviet_voxcpm_ru_01,/Users/romanmolodyko/Documents/red-alert-4/Audio/Voice/RU/Soviet/Raw/SU_Hero_Morozova/VO_RU_SU_Hero_Morozova_Attack_01.wav,/Users/romanmolodyko/Documents/red-alert-4/Audio/Voice/RU/Soviet/Runtime/SU_Hero_Morozova/VO_RU_SU_Hero_Morozova_Attack_01.wav,2.657,48000,24,1,-17.0,-2.2,75.0,180.0,PASS,
VO_RU_SU_Hero_Morozova_Ability_01,SU_Hero_Morozova,Майор Елена Морозова,Morozova,Ability,soviet_voxcpm_ru_01,/Users/romanmolodyko/Documents/red-alert-4/Audio/Voice/RU/Soviet/Raw/SU_Hero_Morozova/VO_RU_SU_Hero_Morozova_Ability_01.wav,/Users/romanmolodyko/Documents/red-alert-4/Audio/Voice/RU/Soviet/Runtime/SU_Hero_Morozova/VO_RU_SU_Hero_Morozova_Ability_01.wav,1.851,48000,24,1,-17.0,-2.7,75.0,180.3,PASS,
VO_RU_SU_Hero_Morozova_Damaged_01,SU_Hero_Morozova,Майор Елена Морозова,Morozova,Damaged,soviet_voxcpm_ru_01,/Users/romanmolodyko/Documents/red-alert-4/Audio/Voice/RU/Soviet/Raw/SU_Hero_Morozova/VO_RU_SU_Hero_Morozova_Damaged_01.wav,/Users/romanmolodyko/Documents/red-alert-4/Audio/Voice/RU/Soviet/Runtime/SU_Hero_Morozova/VO_RU_SU_Hero_Morozova_Damaged_01.wav,2.349,48000,24,1,-17.01,-2.14,75.0,180.0,PASS,
VO_RU_SU_Hero_Morozova_Elite_01,SU_Hero_Morozova,Майор Елена Морозова,Morozova,Elite,soviet_voxcpm_ru_01,/Users/romanmolodyko/Documents/red-alert-4/Audio/Voice/RU/Soviet/Raw/SU_Hero_Morozova/VO_RU_SU_Hero_Morozova_Elite_01.wav,/Users/romanmolodyko/Documents/red-alert-4/Audio/Voice/RU/Soviet/Runtime/SU_Hero_Morozova/VO_RU_SU_Hero_Morozova_Elite_01.wav,2.464,48000,24,1,-17.0,-3.11,75.0,180.4,PASS,
VO_RU_SU_Hero_Morozova_Idle_01,SU_Hero_Morozova,Майор Елена Морозова,Morozova,Idle,soviet_voxcpm_ru_01,/Users/romanmolodyko/Documents/red-alert-4/Audio/Voice/RU/Soviet/Raw/SU_Hero_Morozova/VO_RU_SU_Hero_Morozova_Idle_01.wav,/Users/romanmolodyko/Documents/red-alert-4/Audio/Voice/RU/Soviet/Runtime/SU_Hero_Morozova/VO_RU_SU_Hero_Morozova_Idle_01.wav,3.417,48000,24,1,-17.01,-2.04,75.0,180.0,PASS,
VO_RU_SU_Hero_Morozova_Death_01,SU_Hero_Morozova,Майор Елена Морозова,Morozova,Death,soviet_voxcpm_ru_01,/Users/romanmolodyko/Documents/red-alert-4/Audio/Voice/RU/Soviet/Raw/SU_Hero_Morozova/VO_RU_SU_Hero_Morozova_Death_01.wav,/Users/romanmolodyko/Documents/red-alert-4/Audio/Voice/RU/Soviet/Runtime/SU_Hero_Morozova/VO_RU_SU_Hero_Morozova_Death_01.wav,2.142,48000,24,1,-17.0,-3.14,75.0,180.2,PASS,
